ReporterISO3,ReporterName,PartnerISO3,PartnerName,Year,TradeFlowName,TradeValue in 1000 USD
VNM,Vietnam,HND,Honduras,2003,Export,812.283
VNM,Vietnam,HRV,Croatia,2005,Export,4538.205
VNM,Vietnam,HND,Honduras,2004,Export,2079.168
VNM,Vietnam,HMD,Heard Island and McDonald Isla,2003,Export,72.885
VNM,Vietnam,HND,Honduras,2005,Export,2189.506
VNM,Vietnam,HRV,Croatia,2003,Export,3248.916
VNM,Vietnam,HRV,Croatia,2004,Export,3674.369
VNM,Vietnam,IDN,Indonesia,2004,Export,452860.997
VNM,Vietnam,HUN,Hungary,2005,Export,27041.085
VNM,Vietnam,HTI,Haiti,2004,Export,219.368
VNM,Vietnam,HTI,Haiti,2005,Export,255.051
VNM,Vietnam,HUN,Hungary,2003,Export,18337.527
VNM,Vietnam,HUN,Hungary,2004,Export,21626.592
VNM,Vietnam,IND,India,2003,Export,32272.789
VNM,Vietnam,IDN,Indonesia,2005,Export,468847.952
VNM,Vietnam,IDN,Indonesia,2003,Export,467224.103
VNM,Vietnam,HTI,Haiti,2003,Export,38.642
VNM,Vietnam,HKG,"Hong Kong, China",2005,Export,353112.82
VNM,Vietnam,GRL,Greenland,2003,Export,58.989
VNM,Vietnam,HKG,"Hong Kong, China",2003,Export,368734.363
VNM,Vietnam,GRC,Greece,2005,Export,54949.01
VNM,Vietnam,GRC,Greece,2004,Export,45389.338
VNM,Vietnam,IND,India,2004,Export,78614.78
VNM,Vietnam,GRD,Grenada,2003,Export,11.97
VNM,Vietnam,GRD,Grenada,2004,Export,60.987
VNM,Vietnam,GRD,Grenada,2005,Export,85.62
VNM,Vietnam,GRL,Greenland,2004,Export,252.512
VNM,Vietnam,GRL,Greenland,2005,Export,44.101
VNM,Vietnam,GTM,Guatemala,2003,Export,885.36
VNM,Vietnam,GTM,Guatemala,2004,Export,1291.563
VNM,Vietnam,GTM,Guatemala,2005,Export,1282.101
VNM,Vietnam,GUM,Guam,2003,Export,543.038
VNM,Vietnam,GUM,Guam,2004,Export,1461.598
VNM,Vietnam,GUM,Guam,2005,Export,1905.662
VNM,Vietnam,GUY,Guyana,2003,Export,125.581
VNM,Vietnam,GUY,Guyana,2004,Export,35.769
VNM,Vietnam,GUY,Guyana,2005,Export,155.75
VNM,Vietnam,HKG,"Hong Kong, China",2004,Export,380055.97
VNM,Vietnam,IND,India,2005,Export,97755.684
VNM,Vietnam,KEN,Kenya,2004,Export,21652.263
VNM,Vietnam,IRL,Ireland,2004,Export,28271.688
VNM,Vietnam,JPN,Japan,2003,Export,2908599.723
VNM,Vietnam,JPN,Japan,2004,Export,3542130.129
VNM,Vietnam,JPN,Japan,2005,Export,4340271.921
VNM,Vietnam,KAZ,Kazakhstan,2003,Export,591.06
VNM,Vietnam,KAZ,Kazakhstan,2004,Export,796.158
VNM,Vietnam,KAZ,Kazakhstan,2005,Export,1466.22
VNM,Vietnam,KEN,Kenya,2003,Export,5903.297
VNM,Vietnam,KEN,Kenya,2005,Export,24606.966
VNM,Vietnam,KGZ,Kyrgyz Republic,2003,Export,67.73
VNM,Vietnam,KGZ,Kyrgyz Republic,2004,Export,4.826
VNM,Vietnam,KGZ,Kyrgyz Republic,2005,Export,39.928
VNM,Vietnam,KHM,Cambodia,2003,Export,267288.531
VNM,Vietnam,KHM,Cambodia,2004,Export,383973.668
VNM,Vietnam,KHM,Cambodia,2005,Export,555638.558
VNM,Vietnam,KIR,Kiribati,2004,Export,212.922
VNM,Vietnam,GRC,Greece,2003,Export,41960.206
VNM,Vietnam,KIR,Kiribati,2005,Export,124.141
VNM,Vietnam,JOR,Jordan,2005,Export,10693.179
VNM,Vietnam,JOR,Jordan,2004,Export,13092.019
VNM,Vietnam,JOR,Jordan,2003,Export,3721.812
VNM,Vietnam,JAM,Jamaica,2005,Export,676.261
VNM,Vietnam,IRL,Ireland,2005,Export,25141.852
VNM,Vietnam,IRN,"Iran, Islamic Rep.",2003,Export,14056.006
VNM,Vietnam,IRN,"Iran, Islamic Rep.",2004,Export,19753.49
VNM,Vietnam,IRN,"Iran, Islamic Rep.",2005,Export,82594.05
VNM,Vietnam,IRQ,Iraq,2003,Export,151260.486
VNM,Vietnam,IRQ,Iraq,2004,Export,184511.72
VNM,Vietnam,IRQ,Iraq,2005,Export,101000.58
VNM,Vietnam,ISL,Iceland,2003,Export,1480.071
VNM,Vietnam,IRL,Ireland,2003,Export,17120.572
VNM,Vietnam,ISL,Iceland,2004,Export,4418.409
VNM,Vietnam,ISR,Israel,2003,Export,19938.443
VNM,Vietnam,ISR,Israel,2004,Export,32176.912
VNM,Vietnam,ISR,Israel,2005,Export,31585.78
VNM,Vietnam,ITA,Italy,2003,Export,330941.127
VNM,Vietnam,ITA,Italy,2004,Export,369873.325
VNM,Vietnam,ITA,Italy,2005,Export,470054.026
VNM,Vietnam,JAM,Jamaica,2003,Export,322.346
VNM,Vietnam,JAM,Jamaica,2004,Export,233.297
VNM,Vietnam,ISL,Iceland,2005,Export,1926.655
VNM,Vietnam,TZA,Tanzania,2007,Export,18475.254
VNM,Vietnam,ROM,Romania,2006,Export,20548.144
VNM,Vietnam,UGA,Uganda,2006,Export,3981.756
VNM,Vietnam,RUS,Russian Federation,2006,Export,413211.491
VNM,Vietnam,RUS,Russian Federation,2007,Export,458451.778
VNM,Vietnam,RUS,Russian Federation,2008,Export,671955.189
VNM,Vietnam,RWA,Rwanda,2006,Export,2525.773
VNM,Vietnam,RWA,Rwanda,2007,Export,2408.425
VNM,Vietnam,SAU,Saudi Arabia,2006,Export,49332.993
VNM,Vietnam,SAU,Saudi Arabia,2007,Export,51466.335
VNM,Vietnam,SAU,Saudi Arabia,2008,Export,118257.3
VNM,Vietnam,SDN,Fm Sudan,2006,Export,3408.467
VNM,Vietnam,SDN,Fm Sudan,2007,Export,12996.128
VNM,Vietnam,SDN,Fm Sudan,2008,Export,13648.565
VNM,Vietnam,SEN,Senegal,2006,Export,9483.456
VNM,Vietnam,SEN,Senegal,2007,Export,9953.706
VNM,Vietnam,SEN,Senegal,2008,Export,102549.757
VNM,Vietnam,SGP,Singapore,2006,Export,1658841.751
VNM,Vietnam,AGO,Angola,2015,Export,46278.41
VNM,Vietnam,AGO,Angola,2016,Export,38735.684
VNM,Vietnam,ROM,Romania,2008,Export,77600.795
VNM,Vietnam,AND,Andorra,2015,Export,36835.418
VNM,Vietnam,ROM,Romania,2007,Export,32317.247
VNM,Vietnam,QAT,Qatar,2008,Export,19527.583
VNM,Vietnam,PHL,Philippines,2007,Export,965138.742
VNM,Vietnam,PHL,Philippines,2008,Export,1824665.694
VNM,Vietnam,PNG,Papua New Guinea,2006,Export,7839.645
VNM,Vietnam,PNG,Papua New Guinea,2007,Export,14732.161
VNM,Vietnam,PNG,Papua New Guinea,2008,Export,25659.838
VNM,Vietnam,POL,Poland,2006,Export,160126.762
VNM,Vietnam,POL,Poland,2007,Export,220881.665
VNM,Vietnam,POL,Poland,2008,Export,266662.319
VNM,Vietnam,PRK,"Korea, Dem. Rep.",2007,Export,6311.42
VNM,Vietnam,PRT,Portugal,2006,Export,32796.645
VNM,Vietnam,PRT,Portugal,2007,Export,52115.739
VNM,Vietnam,PRT,Portugal,2008,Export,85247.834
VNM,Vietnam,PRY,Paraguay,2006,Export,2310.832
VNM,Vietnam,PRY,Paraguay,2007,Export,3338.964
VNM,Vietnam,PRY,Paraguay,2008,Export,7371.946
VNM,Vietnam,QAT,Qatar,2006,Export,15713.346
VNM,Vietnam,QAT,Qatar,2007,Export,16742.994
VNM,Vietnam,KNA,St. Kitts and Nevis,2003,Export,246.376
VNM,Vietnam,AND,Andorra,2016,Export,17511.469
VNM,Vietnam,ARE,United Arab Emirates,2015,Export,5690916.06
VNM,Vietnam,ARE,United Arab Emirates,2016,Export,4999552.551
VNM,Vietnam,UZB,Uzbekistan,2008,Export,2769.305
VNM,Vietnam,UZB,Uzbekistan,2007,Export,941.778
VNM,Vietnam,UZB,Uzbekistan,2006,Export,479.24
VNM,Vietnam,USA,United States,2008,Export,11902833.81
VNM,Vietnam,USA,United States,2007,Export,10111427.53
VNM,Vietnam,USA,United States,2006,Export,7850415.462
VNM,Vietnam,URY,Uruguay,2008,Export,9220.633
VNM,Vietnam,URY,Uruguay,2007,Export,6055.343
VNM,Vietnam,URY,Uruguay,2006,Export,3423.88
VNM,Vietnam,UNS,Unspecified,2008,Export,434735.012
VNM,Vietnam,UNS,Unspecified,2007,Export,373588.136
VNM,Vietnam,UNS,Unspecified,2006,Export,533754.627
VNM,Vietnam,UKR,Ukraine,2008,Export,256560.163
VNM,Vietnam,UKR,Ukraine,2007,Export,116356.506
VNM,Vietnam,UKR,Ukraine,2006,Export,64602.423
VNM,Vietnam,UGA,Uganda,2008,Export,4540.5
VNM,Vietnam,UGA,Uganda,2007,Export,2104.4
VNM,Vietnam,VAT,Holy See,2006,Export,182.56
VNM,Vietnam,VEN,Venezuela,2006,Export,11667.697
VNM,Vietnam,VEN,Venezuela,2007,Export,11818.908
VNM,Vietnam,VEN,Venezuela,2008,Export,19890.288
VNM,Vietnam,ARG,Argentina,2015,Export,377620.855
VNM,Vietnam,ARG,Argentina,2016,Export,368616.9
VNM,Vietnam,ZWE,Zimbabwe,2007,Export,675.024
VNM,Vietnam,ZWE,Zimbabwe,2006,Export,47.916
VNM,Vietnam,ZMB,Zambia,2008,Export,3401.973
VNM,Vietnam,ZMB,Zambia,2006,Export,2084.027
VNM,Vietnam,ZAR,"Congo, Dem. Rep.",2008,Export,4594.975
VNM,Vietnam,ZAR,"Congo, Dem. Rep.",2006,Export,1749.98
VNM,Vietnam,TZA,Tanzania,2008,Export,26589.638
VNM,Vietnam,ZAF,South Africa,2008,Export,146431.857
VNM,Vietnam,ZAF,South Africa,2006,Export,100713.864
VNM,Vietnam,YEM,Yemen,2008,Export,22485.93
VNM,Vietnam,YEM,Yemen,2007,Export,14330.136
VNM,Vietnam,YEM,Yemen,2006,Export,14552.785
VNM,Vietnam,WSM,Samoa,2007,Export,1077.943
VNM,Vietnam,WLD, World,2008,Export,62685129.7
VNM,Vietnam,WLD, World,2007,Export,48561343.19
VNM,Vietnam,WLD, World,2006,Export,39826222.8
VNM,Vietnam,ZAF,South Africa,2007,Export,115616.915
VNM,Vietnam,KOR,"Korea, Rep.",2003,Export,492124.577
VNM,Vietnam,MNG,Mongolia,2005,Export,2406.086
VNM,Vietnam,KOR,"Korea, Rep.",2005,Export,663619.865
VNM,Vietnam,PER,Peru,2004,Export,6065.796
VNM,Vietnam,PER,Peru,2003,Export,2486.922
VNM,Vietnam,PCN,Pitcairn,2005,Export,6.325
VNM,Vietnam,PCN,Pitcairn,2003,Export,11.36
VNM,Vietnam,PAN,Panama,2005,Export,42860.198
VNM,Vietnam,PAN,Panama,2004,Export,44693.549
VNM,Vietnam,PAN,Panama,2003,Export,13948.602
VNM,Vietnam,PAK,Pakistan,2005,Export,42362.551
VNM,Vietnam,PAK,Pakistan,2004,Export,39739.729
VNM,Vietnam,PAK,Pakistan,2003,Export,23099.718
VNM,Vietnam,OMN,Oman,2005,Export,3166.275
VNM,Vietnam,OMN,Oman,2004,Export,2114.504
VNM,Vietnam,OMN,Oman,2003,Export,537.635
VNM,Vietnam,OAS,"Other Asia, nes",2005,Export,935015.597
VNM,Vietnam,OAS,"Other Asia, nes",2004,Export,890569.157
VNM,Vietnam,OAS,"Other Asia, nes",2003,Export,749167.555
VNM,Vietnam,NZL,New Zealand,2005,Export,47493.864
VNM,Vietnam,PER,Peru,2005,Export,8125.371
VNM,Vietnam,NZL,New Zealand,2004,Export,46853.322
VNM,Vietnam,PHL,Philippines,2003,Export,340003.344
VNM,Vietnam,PHL,Philippines,2005,Export,828968.493
VNM,Vietnam,PYF,French Polynesia,2005,Export,241.414
VNM,Vietnam,PRY,Paraguay,2005,Export,1390.511
VNM,Vietnam,PRY,Paraguay,2004,Export,444.254
VNM,Vietnam,PRY,Paraguay,2003,Export,313.888
VNM,Vietnam,PRT,Portugal,2005,Export,22911.066
VNM,Vietnam,PRT,Portugal,2004,Export,16201.443
VNM,Vietnam,PRT,Portugal,2003,Export,10414.428
VNM,Vietnam,PRK,"Korea, Dem. Rep.",2005,Export,1424.535
VNM,Vietnam,POL,Poland,2005,Export,81789.466
VNM,Vietnam,POL,Poland,2004,Export,82171.808
VNM,Vietnam,POL,Poland,2003,Export,83633.569
VNM,Vietnam,PNG,Papua New Guinea,2005,Export,10193.231
VNM,Vietnam,PNG,Papua New Guinea,2004,Export,3954.474
VNM,Vietnam,PNG,Papua New Guinea,2003,Export,2086.058
VNM,Vietnam,PLW,Palau,2005,Export,90.208
VNM,Vietnam,PLW,Palau,2004,Export,39.925
VNM,Vietnam,PLW,Palau,2003,Export,523.39
VNM,Vietnam,PHL,Philippines,2004,Export,498555.547
VNM,Vietnam,QAT,Qatar,2003,Export,185.461
VNM,Vietnam,NZL,New Zealand,2003,Export,24972.578
VNM,Vietnam,NRU,Nauru,2004,Export,83.269
VNM,Vietnam,NER,Niger,2003,Export,1300.207
VNM,Vietnam,NCL,New Caledonia,2005,Export,1191.413
VNM,Vietnam,NCL,New Caledonia,2004,Export,1209.187
VNM,Vietnam,NCL,New Caledonia,2003,Export,414.298
VNM,Vietnam,NAM,Namibia,2005,Export,898.69
VNM,Vietnam,NAM,Namibia,2004,Export,66.055
VNM,Vietnam,NAM,Namibia,2003,Export,10.637
VNM,Vietnam,MYT,Mayotte,2003,Export,8.476
VNM,Vietnam,MYS,Malaysia,2005,Export,1028333.025
VNM,Vietnam,MYS,Malaysia,2004,Export,624320.462
VNM,Vietnam,MYS,Malaysia,2003,Export,453839.241
VNM,Vietnam,MWI,Malawi,2005,Export,357.222
VNM,Vietnam,MWI,Malawi,2004,Export,646.458
VNM,Vietnam,MWI,Malawi,2003,Export,75.313
VNM,Vietnam,MUS,Mauritius,2005,Export,244.65
VNM,Vietnam,PHL,Philippines,2006,Export,782833.475
VNM,Vietnam,MUS,Mauritius,2004,Export,1145.42
VNM,Vietnam,NER,Niger,2004,Export,5729.718
VNM,Vietnam,NRU,Nauru,2005,Export,0.543
VNM,Vietnam,NER,Niger,2005,Export,6496.479
VNM,Vietnam,NGA,Nigeria,2003,Export,10513.256
VNM,Vietnam,NRU,Nauru,2003,Export,128.402
VNM,Vietnam,NPL,Nepal,2005,Export,1620.802
VNM,Vietnam,NPL,Nepal,2004,Export,1151.367
VNM,Vietnam,NPL,Nepal,2003,Export,927.174
VNM,Vietnam,NOR,Norway,2005,Export,32697.929
VNM,Vietnam,NOR,Norway,2004,Export,23474.304
VNM,Vietnam,NOR,Norway,2003,Export,20904.231
VNM,Vietnam,NLD,Netherlands,2005,Export,659165.827
VNM,Vietnam,NLD,Netherlands,2004,Export,581910.674
VNM,Vietnam,NLD,Netherlands,2003,Export,492990
VNM,Vietnam,NIU,Niue,2005,Export,15.95
VNM,Vietnam,NIU,Niue,2003,Export,27.434
VNM,Vietnam,NIC,Nicaragua,2005,Export,1463.642
VNM,Vietnam,NIC,Nicaragua,2004,Export,477.03
VNM,Vietnam,NIC,Nicaragua,2003,Export,446.81
VNM,Vietnam,NGA,Nigeria,2005,Export,17110.277
VNM,Vietnam,NGA,Nigeria,2004,Export,11352.108
VNM,Vietnam,NFK,Norfolk Island,2003,Export,23.656
VNM,Vietnam,QAT,Qatar,2004,Export,500.499
VNM,Vietnam,QAT,Qatar,2005,Export,4352.679
VNM,Vietnam,ROM,Romania,2003,Export,11815.975
VNM,Vietnam,LTU,Lithuania,2003,Export,4283.476
VNM,Vietnam,LTU,Lithuania,2004,Export,7265.22
VNM,Vietnam,LTU,Lithuania,2005,Export,16341.775
VNM,Vietnam,LUX,Luxembourg,2003,Export,21.79
VNM,Vietnam,LUX,Luxembourg,2004,Export,107.628
VNM,Vietnam,LUX,Luxembourg,2005,Export,135.278
VNM,Vietnam,LVA,Latvia,2003,Export,3332.025
VNM,Vietnam,LVA,Latvia,2004,Export,3490.662
VNM,Vietnam,LVA,Latvia,2005,Export,3676.907
VNM,Vietnam,MAC,Macao,2003,Export,878.036
VNM,Vietnam,MAC,Macao,2004,Export,2417.659
VNM,Vietnam,MAC,Macao,2005,Export,1744.428
VNM,Vietnam,MAR,Morocco,2003,Export,3332.082
VNM,Vietnam,MAR,Morocco,2004,Export,8880.061
VNM,Vietnam,MAR,Morocco,2005,Export,10859.515
VNM,Vietnam,MDA,Moldova,2003,Export,1072.966
VNM,Vietnam,MDA,Moldova,2004,Export,465.495
VNM,Vietnam,LSO,Lesotho,2005,Export,99.697
VNM,Vietnam,MDA,Moldova,2005,Export,1741.929
VNM,Vietnam,LKA,Sri Lanka,2005,Export,20143.081
VNM,Vietnam,LKA,Sri Lanka,2003,Export,5779.545
VNM,Vietnam,KWT,Kuwait,2003,Export,6917.1
VNM,Vietnam,KWT,Kuwait,2004,Export,3650.965
VNM,Vietnam,KWT,Kuwait,2005,Export,11808.196
VNM,Vietnam,LAO,Lao PDR,2003,Export,51777.43
VNM,Vietnam,LAO,Lao PDR,2004,Export,68426.488
VNM,Vietnam,LAO,Lao PDR,2005,Export,69204.101
VNM,Vietnam,LBN,Lebanon,2003,Export,4473.118
VNM,Vietnam,LBN,Lebanon,2004,Export,6518.314
VNM,Vietnam,LBN,Lebanon,2005,Export,8235.474
VNM,Vietnam,LBR,Liberia,2003,Export,229.831
VNM,Vietnam,LBR,Liberia,2004,Export,1018.268
VNM,Vietnam,LBR,Liberia,2005,Export,21238.073
VNM,Vietnam,LBY,Libya,2003,Export,625.431
VNM,Vietnam,LBY,Libya,2004,Export,6109.495
VNM,Vietnam,LBY,Libya,2005,Export,1697.143
VNM,Vietnam,LCA,St. Lucia,2003,Export,26.634
VNM,Vietnam,LCA,St. Lucia,2005,Export,38.896
VNM,Vietnam,LKA,Sri Lanka,2004,Export,22121.739
VNM,Vietnam,MDG,Madagascar,2003,Export,935.691
VNM,Vietnam,MDG,Madagascar,2004,Export,2141.193
VNM,Vietnam,MDG,Madagascar,2005,Export,3579.172
VNM,Vietnam,MNP,Northern Mariana Islands,2005,Export,18.63
VNM,Vietnam,MOZ,Mozambique,2003,Export,6357.223
VNM,Vietnam,MOZ,Mozambique,2004,Export,12805.55
VNM,Vietnam,MOZ,Mozambique,2005,Export,32556.572
VNM,Vietnam,MRT,Mauritania,2003,Export,524.44
VNM,Vietnam,MRT,Mauritania,2004,Export,915.6
VNM,Vietnam,MRT,Mauritania,2005,Export,75.775
VNM,Vietnam,MSR,Montserrat,2003,Export,22.874
VNM,Vietnam,MSR,Montserrat,2004,Export,24.999
VNM,Vietnam,MSR,Montserrat,2005,Export,111.641
VNM,Vietnam,MUS,Mauritius,2003,Export,1068.297
VNM,Vietnam,RWA,Rwanda,2004,Export,452.073
VNM,Vietnam,RUS,Russian Federation,2005,Export,251855.124
VNM,Vietnam,RUS,Russian Federation,2004,Export,215816.388
VNM,Vietnam,RUS,Russian Federation,2003,Export,159613.21
VNM,Vietnam,ROM,Romania,2005,Export,15501.36
VNM,Vietnam,ROM,Romania,2004,Export,14419.745
VNM,Vietnam,MNP,Northern Mariana Islands,2003,Export,3.968
VNM,Vietnam,MNG,Mongolia,2004,Export,1715.933
VNM,Vietnam,MNG,Mongolia,2003,Export,1052.478
VNM,Vietnam,MMR,Myanmar,2005,Export,11977.525
VNM,Vietnam,MDV,Maldives,2003,Export,46.899
VNM,Vietnam,MDV,Maldives,2004,Export,270.079
VNM,Vietnam,MDV,Maldives,2005,Export,396.725
VNM,Vietnam,MEX,Mexico,2003,Export,78292.883
VNM,Vietnam,MEX,Mexico,2004,Export,127743.399
VNM,Vietnam,MEX,Mexico,2005,Export,191535.105
VNM,Vietnam,MHL,Marshall Islands,2003,Export,12.43
VNM,Vietnam,MKD,North Macedonia,2003,Export,658.562
VNM,Vietnam,KOR,"Korea, Rep.",2004,Export,608109.492
VNM,Vietnam,MKD,North Macedonia,2004,Export,366.85
VNM,Vietnam,MLI,Mali,2003,Export,1706.104
VNM,Vietnam,MLI,Mali,2004,Export,1266.436
VNM,Vietnam,MLI,Mali,2005,Export,1537.653
VNM,Vietnam,MLT,Malta,2003,Export,505.694
VNM,Vietnam,MLT,Malta,2004,Export,757.7
VNM,Vietnam,MLT,Malta,2005,Export,2120.263
VNM,Vietnam,MMR,Myanmar,2003,Export,12525.791
VNM,Vietnam,MMR,Myanmar,2004,Export,14014.932
VNM,Vietnam,MKD,North Macedonia,2005,Export,81.473
VNM,Vietnam,PER,Peru,2008,Export,35696.945
VNM,Vietnam,BHR,Bahrain,2004,Export,1013.903
VNM,Vietnam,PER,Peru,2006,Export,12580.692
VNM,Vietnam,ABW,Aruba,2003,Export,53.499
VNM,Vietnam,ABW,Aruba,2005,Export,88.012
VNM,Vietnam,AFG,Afghanistan,2005,Export,1250.624
VNM,Vietnam,AGO,Angola,2003,Export,27960.998
VNM,Vietnam,AGO,Angola,2004,Export,34845.117
VNM,Vietnam,AGO,Angola,2005,Export,76189.285
VNM,Vietnam,AIA,Anguila,2003,Export,44.736
VNM,Vietnam,AIA,Anguila,2005,Export,0.276
VNM,Vietnam,ALB,Albania,2003,Export,413.83
VNM,Vietnam,ALB,Albania,2004,Export,559.067
VNM,Vietnam,ALB,Albania,2005,Export,2815.934
VNM,Vietnam,AND,Andorra,2005,Export,6.317
VNM,Vietnam,ANT,Netherlands Antilles,2005,Export,284.442
VNM,Vietnam,ARE,United Arab Emirates,2003,Export,65992.751
VNM,Vietnam,ARE,United Arab Emirates,2004,Export,93581.116
VNM,Vietnam,ARE,United Arab Emirates,2005,Export,121545.43
VNM,Vietnam,ARG,Argentina,2003,Export,5695.628
VNM,Vietnam,NGA,Nigeria,2019,Export,127114.378
VNM,Vietnam,ARG,Argentina,2004,Export,8735.297
VNM,Vietnam,NGA,Nigeria,2020,Export,134956.891
VNM,Vietnam,NLD,Netherlands,2020,Export,6995473.585
VNM,Vietnam,ABW,Aruba,2002,Export,442.784
VNM,Vietnam,ABW,Aruba,2001,Export,685.775
VNM,Vietnam,ABW,Aruba,2000,Export,898
VNM,Vietnam,ZWE,Zimbabwe,1999,Export,59
VNM,Vietnam,PHL,Philippines,2019,Export,3734029.201
VNM,Vietnam,PER,Peru,2020,Export,303199.905
VNM,Vietnam,PER,Peru,2019,Export,341370.014
VNM,Vietnam,PAN,Panama,2020,Export,309230.053
VNM,Vietnam,PAN,Panama,2019,Export,337493.767
VNM,Vietnam,PAK,Pakistan,2020,Export,396858.657
VNM,Vietnam,PAK,Pakistan,2019,Export,358298.841
VNM,Vietnam,OAS,"Other Asia, nes",2020,Export,4319555.206
VNM,Vietnam,OAS,"Other Asia, nes",2019,Export,4404371.054
VNM,Vietnam,NZL,New Zealand,2020,Export,498795.796
VNM,Vietnam,NZL,New Zealand,2019,Export,542653.828
VNM,Vietnam,NOR,Norway,2020,Export,216793.059
VNM,Vietnam,NOR,Norway,2019,Export,129542.867
VNM,Vietnam,NLD,Netherlands,2019,Export,6882619.869
VNM,Vietnam,AGO,Angola,2000,Export,20211
VNM,Vietnam,ARG,Argentina,2005,Export,16578.32
VNM,Vietnam,ARM,Armenia,2004,Export,757.93
VNM,Vietnam,BEN,Benin,2005,Export,2091.556
VNM,Vietnam,BFA,Burkina Faso,2003,Export,165.574
VNM,Vietnam,BFA,Burkina Faso,2004,Export,535.05
VNM,Vietnam,BFA,Burkina Faso,2005,Export,695.751
VNM,Vietnam,BGD,Bangladesh,2003,Export,5647.221
VNM,Vietnam,BGD,Bangladesh,2004,Export,19492.019
VNM,Vietnam,BGD,Bangladesh,2005,Export,22050.075
VNM,Vietnam,BGR,Bulgaria,2003,Export,5990.573
VNM,Vietnam,BGR,Bulgaria,2004,Export,7765.749
VNM,Vietnam,BGR,Bulgaria,2005,Export,11220.783
VNM,Vietnam,BHR,Bahrain,2003,Export,255.623
VNM,Vietnam,RWA,Rwanda,2005,Export,1297.784
VNM,Vietnam,BHR,Bahrain,2005,Export,1385.496
VNM,Vietnam,BHS,"Bahamas, The",2003,Export,269.949
VNM,Vietnam,BHS,"Bahamas, The",2004,Export,547.126
VNM,Vietnam,BHS,"Bahamas, The",2005,Export,1053.942
VNM,Vietnam,BIH,Bosnia and Herzegovina,2003,Export,84.145
VNM,Vietnam,BEN,Benin,2004,Export,1285.348
VNM,Vietnam,ARM,Armenia,2003,Export,1515.838
VNM,Vietnam,BEN,Benin,2003,Export,503.687
VNM,Vietnam,BEL,Belgium,2004,Export,515730.576
VNM,Vietnam,ARM,Armenia,2005,Export,1172.014
VNM,Vietnam,ASM,American Samoa,2005,Export,4588.131
VNM,Vietnam,ATG,Antigua and Barbuda,2003,Export,411.24
VNM,Vietnam,ATG,Antigua and Barbuda,2005,Export,364.974
VNM,Vietnam,AUS,Australia,2003,Export,1420863.388
VNM,Vietnam,AUS,Australia,2004,Export,1884738.277
VNM,Vietnam,AUS,Australia,2005,Export,2722591.956
VNM,Vietnam,AUT,Austria,2003,Export,38136.77
VNM,Vietnam,AUT,Austria,2004,Export,59544.542
VNM,Vietnam,AUT,Austria,2005,Export,88898.982
VNM,Vietnam,AZE,Azerbaijan,2003,Export,75.086
VNM,Vietnam,AZE,Azerbaijan,2004,Export,75.491
VNM,Vietnam,AZE,Azerbaijan,2005,Export,681.35
VNM,Vietnam,BDI,Burundi,2003,Export,131.975
VNM,Vietnam,BDI,Burundi,2004,Export,271.595
VNM,Vietnam,BDI,Burundi,2005,Export,728.6
VNM,Vietnam,BEL,Belgium,2003,Export,391357.277
VNM,Vietnam,BEL,Belgium,2005,Export,544074.528
VNM,Vietnam,AGO,Angola,2001,Export,28046.056
VNM,Vietnam,AGO,Angola,2002,Export,20568.014
VNM,Vietnam,AIA,Anguila,2000,Export,34
VNM,Vietnam,VEN,Venezuela,2012,Export,26609.391
VNM,Vietnam,VEN,Venezuela,2013,Export,26556.909
VNM,Vietnam,VEN,Venezuela,2014,Export,57770.493
VNM,Vietnam,VUT,Vanuatu,2012,Export,1849.281
VNM,Vietnam,VUT,Vanuatu,2013,Export,11121.328
VNM,Vietnam,VUT,Vanuatu,2014,Export,1682.243
VNM,Vietnam,WLD, World,2012,Export,114529171
VNM,Vietnam,WLD, World,2013,Export,132032854
VNM,Vietnam,WLD, World,2014,Export,150217138.8
VNM,Vietnam,YEM,Yemen,2012,Export,21790.044
VNM,Vietnam,YEM,Yemen,2013,Export,23773.397
VNM,Vietnam,YEM,Yemen,2014,Export,24539.796
VNM,Vietnam,ZAF,South Africa,2012,Export,612646.139
VNM,Vietnam,ZAF,South Africa,2013,Export,764163.549
VNM,Vietnam,ZAF,South Africa,2014,Export,792974.886
VNM,Vietnam,ZAR,"Congo, Dem. Rep.",2013,Export,17975.982
VNM,Vietnam,ZAR,"Congo, Dem. Rep.",2014,Export,27019.304
VNM,Vietnam,UZB,Uzbekistan,2014,Export,14808.868
VNM,Vietnam,ZMB,Zambia,2012,Export,5157.448
VNM,Vietnam,UZB,Uzbekistan,2013,Export,5132.95
VNM,Vietnam,USA,United States,2014,Export,28649808.86
VNM,Vietnam,BEL,Belgium,2002,Export,337115.065
VNM,Vietnam,TZA,Tanzania,2013,Export,25576.231
VNM,Vietnam,TZA,Tanzania,2014,Export,51641.543
VNM,Vietnam,UGA,Uganda,2012,Export,4396.176
VNM,Vietnam,UGA,Uganda,2013,Export,19102.351
VNM,Vietnam,UGA,Uganda,2014,Export,3387.533
VNM,Vietnam,UKR,Ukraine,2012,Export,220906.654
VNM,Vietnam,UKR,Ukraine,2013,Export,256525.504
VNM,Vietnam,UKR,Ukraine,2014,Export,229359.674
VNM,Vietnam,UNS,Unspecified,2012,Export,1212205.393
VNM,Vietnam,UNS,Unspecified,2013,Export,1477914.177
VNM,Vietnam,UNS,Unspecified,2014,Export,2192084.007
VNM,Vietnam,URY,Uruguay,2012,Export,23102.402
VNM,Vietnam,URY,Uruguay,2013,Export,26245.553
VNM,Vietnam,URY,Uruguay,2014,Export,46224.494
VNM,Vietnam,USA,United States,2012,Export,19680928.51
VNM,Vietnam,USA,United States,2013,Export,23869948.68
VNM,Vietnam,UZB,Uzbekistan,2012,Export,3552.1
VNM,Vietnam,ZMB,Zambia,2013,Export,9788.51
VNM,Vietnam,ZMB,Zambia,2014,Export,3531.24
VNM,Vietnam,ZWE,Zimbabwe,2012,Export,3143.569
VNM,Vietnam,ARM,Armenia,2000,Export,1390
VNM,Vietnam,ARG,Argentina,2002,Export,1391.426
VNM,Vietnam,ARG,Argentina,2001,Export,5269.579
VNM,Vietnam,ARG,Argentina,2000,Export,7298
VNM,Vietnam,ARE,United Arab Emirates,2002,Export,41209.483
VNM,Vietnam,ARE,United Arab Emirates,2001,Export,33133.326
VNM,Vietnam,ARE,United Arab Emirates,2000,Export,23836
VNM,Vietnam,ANT,Netherlands Antilles,2002,Export,3155.294
VNM,Vietnam,ANT,Netherlands Antilles,2001,Export,1993.871
VNM,Vietnam,AND,Andorra,2002,Export,334.814
VNM,Vietnam,AND,Andorra,2001,Export,246.591
VNM,Vietnam,AND,Andorra,2000,Export,110
VNM,Vietnam,ALB,Albania,2002,Export,802.111
VNM,Vietnam,ALB,Albania,2001,Export,348.04
VNM,Vietnam,ALB,Albania,2000,Export,513
VNM,Vietnam,AIA,Anguila,2002,Export,121.872
VNM,Vietnam,AIA,Anguila,2001,Export,70.908
VNM,Vietnam,ARM,Armenia,2001,Export,458.764
VNM,Vietnam,ARM,Armenia,2002,Export,1059.892
VNM,Vietnam,ASM,American Samoa,2001,Export,4697.853
VNM,Vietnam,ASM,American Samoa,2002,Export,14884.942
VNM,Vietnam,ZWE,Zimbabwe,2013,Export,677.885
VNM,Vietnam,ZWE,Zimbabwe,2014,Export,5410.79
VNM,Vietnam,BEL,Belgium,2001,Export,341188.923
VNM,Vietnam,BEL,Belgium,2000,Export,311880
VNM,Vietnam,BDI,Burundi,2002,Export,149.362
VNM,Vietnam,BDI,Burundi,2001,Export,141.461
VNM,Vietnam,BDI,Burundi,2000,Export,225
VNM,Vietnam,AZE,Azerbaijan,2002,Export,20.228
VNM,Vietnam,BIH,Bosnia and Herzegovina,2004,Export,57.144
VNM,Vietnam,AZE,Azerbaijan,2001,Export,189.205
VNM,Vietnam,AUT,Austria,2002,Export,29748.224
VNM,Vietnam,AUT,Austria,2001,Export,28853.104
VNM,Vietnam,AUT,Austria,2000,Export,23681
VNM,Vietnam,AUS,Australia,2002,Export,1328332.605
VNM,Vietnam,AUS,Australia,2001,Export,1041796.7
VNM,Vietnam,AUS,Australia,2000,Export,1272476
VNM,Vietnam,ATG,Antigua and Barbuda,2002,Export,389.755
VNM,Vietnam,ATG,Antigua and Barbuda,2001,Export,933.865
VNM,Vietnam,AZE,Azerbaijan,2000,Export,123
VNM,Vietnam,BIH,Bosnia and Herzegovina,2005,Export,125.971
VNM,Vietnam,BLR,Belarus,2003,Export,1632.607
VNM,Vietnam,BLR,Belarus,2004,Export,1540.169
VNM,Vietnam,ESP,Spain,2005,Export,410799.126
VNM,Vietnam,EST,Estonia,2003,Export,2304.922
VNM,Vietnam,EST,Estonia,2004,Export,2191.075
VNM,Vietnam,EST,Estonia,2005,Export,2424.707
VNM,Vietnam,ETH,Ethiopia(excludes Eritrea),2003,Export,274.928
VNM,Vietnam,ETH,Ethiopia(excludes Eritrea),2004,Export,1842.231
VNM,Vietnam,ETH,Ethiopia(excludes Eritrea),2005,Export,6497.999
VNM,Vietnam,FIN,Finland,2003,Export,28792.244
VNM,Vietnam,FIN,Finland,2004,Export,41891.013
VNM,Vietnam,FIN,Finland,2005,Export,57155.288
VNM,Vietnam,FJI,Fiji,2003,Export,656.931
VNM,Vietnam,FJI,Fiji,2004,Export,1394.404
VNM,Vietnam,FJI,Fiji,2005,Export,1162.312
VNM,Vietnam,FLK,Falkland Island,2005,Export,18.73
VNM,Vietnam,FRA,France,2003,Export,497229.164
VNM,Vietnam,FRA,France,2004,Export,557593.256
VNM,Vietnam,FRA,France,2005,Export,656420.756
VNM,Vietnam,ESP,Spain,2004,Export,312025.043
VNM,Vietnam,FRO,Faeroe Islands,2003,Export,32.903
VNM,Vietnam,ESP,Spain,2003,Export,234204.155
VNM,Vietnam,ESH,Western Sahara,2003,Export,5.809
VNM,Vietnam,DMA,Dominica,2005,Export,2813.716
VNM,Vietnam,DNK,Denmark,2003,Export,71110.903
VNM,Vietnam,DNK,Denmark,2004,Export,80182.312
VNM,Vietnam,DNK,Denmark,2005,Export,88236.981
VNM,Vietnam,DOM,Dominican Republic,2003,Export,434.302
VNM,Vietnam,DOM,Dominican Republic,2004,Export,1448.143
VNM,Vietnam,DOM,Dominican Republic,2005,Export,4362.9
VNM,Vietnam,DZA,Algeria,2003,Export,18197.958
VNM,Vietnam,DZA,Algeria,2004,Export,13881.816
VNM,Vietnam,DZA,Algeria,2005,Export,30899.152
VNM,Vietnam,ECU,Ecuador,2003,Export,4623.733
VNM,Vietnam,ECU,Ecuador,2004,Export,8005.627
VNM,Vietnam,ECU,Ecuador,2005,Export,16389.805
VNM,Vietnam,EGY,"Egypt, Arab Rep.",2003,Export,14838.51
VNM,Vietnam,EGY,"Egypt, Arab Rep.",2004,Export,40334.793
VNM,Vietnam,EGY,"Egypt, Arab Rep.",2005,Export,45092.684
VNM,Vietnam,ERI,Eritrea,2003,Export,164.51
VNM,Vietnam,ESH,Western Sahara,2005,Export,502.895
VNM,Vietnam,FRO,Faeroe Islands,2004,Export,98.068
VNM,Vietnam,FSM,"Micronesia, Fed. Sts.",2003,Export,150.385
VNM,Vietnam,FSM,"Micronesia, Fed. Sts.",2005,Export,32.25
VNM,Vietnam,GNQ,Equatorial Guinea,2003,Export,7.873
VNM,Vietnam,NRU,Nauru,2007,Export,836.33
VNM,Vietnam,NZL,New Zealand,2006,Export,54134.317
VNM,Vietnam,NZL,New Zealand,2007,Export,67051.42
VNM,Vietnam,NZL,New Zealand,2008,Export,76641.767
VNM,Vietnam,OAS,"Other Asia, nes",2006,Export,968729.021
VNM,Vietnam,OAS,"Other Asia, nes",2007,Export,1139386.953
VNM,Vietnam,OAS,"Other Asia, nes",2008,Export,1401385.941
VNM,Vietnam,OMN,Oman,2006,Export,5773.546
VNM,Vietnam,OMN,Oman,2007,Export,8416.545
VNM,Vietnam,OMN,Oman,2008,Export,7366.187
VNM,Vietnam,PAK,Pakistan,2006,Export,65490.3
VNM,Vietnam,PAK,Pakistan,2007,Export,82259.478
VNM,Vietnam,PAK,Pakistan,2008,Export,96033.551
VNM,Vietnam,PAN,Panama,2006,Export,77849.707
VNM,Vietnam,PAN,Panama,2007,Export,117955.883
VNM,Vietnam,PAN,Panama,2008,Export,164537.774
VNM,Vietnam,GNB,Guinea-Bissau,2004,Export,148.588
VNM,Vietnam,GNB,Guinea-Bissau,2003,Export,7.006
VNM,Vietnam,GMB,"Gambia, The",2005,Export,5439.624
VNM,Vietnam,GMB,"Gambia, The",2004,Export,1134.063
VNM,Vietnam,GAB,Gabon,2003,Export,6166.359
VNM,Vietnam,GAB,Gabon,2004,Export,744.144
VNM,Vietnam,GAB,Gabon,2005,Export,8367.671
VNM,Vietnam,GBR,United Kingdom,2003,Export,754767.026
VNM,Vietnam,GBR,United Kingdom,2004,Export,1010300.848
VNM,Vietnam,GBR,United Kingdom,2005,Export,1015760.345
VNM,Vietnam,GEO,Georgia,2003,Export,2912.215
VNM,Vietnam,GEO,Georgia,2004,Export,9392.938
VNM,Vietnam,DMA,Dominica,2004,Export,2113.917
VNM,Vietnam,GEO,Georgia,2005,Export,4091.077
VNM,Vietnam,GHA,Ghana,2004,Export,31759.704
VNM,Vietnam,GHA,Ghana,2005,Export,23356.638
VNM,Vietnam,GIB,Gibraltar,2004,Export,111.283
VNM,Vietnam,GIB,Gibraltar,2005,Export,10.369
VNM,Vietnam,GIN,Guinea,2003,Export,986.419
VNM,Vietnam,GIN,Guinea,2004,Export,9011.222
VNM,Vietnam,GIN,Guinea,2005,Export,6563.536
VNM,Vietnam,GMB,"Gambia, The",2003,Export,844.656
VNM,Vietnam,GHA,Ghana,2003,Export,15259.541
VNM,Vietnam,PER,Peru,2007,Export,16470.866
VNM,Vietnam,DMA,Dominica,2003,Export,658.318
VNM,Vietnam,DJI,Djibouti,2004,Export,146.897
VNM,Vietnam,BVT,Bouvet Island,2003,Export,12.786
VNM,Vietnam,BWA,Botswana,2003,Export,66.552
VNM,Vietnam,BWA,Botswana,2005,Export,132.883
VNM,Vietnam,CAF,Central African Republic,2003,Export,88.566
VNM,Vietnam,CAF,Central African Republic,2004,Export,24.827
VNM,Vietnam,CAF,Central African Republic,2005,Export,49.738
VNM,Vietnam,CAN,Canada,2003,Export,171274.153
VNM,Vietnam,CAN,Canada,2004,Export,270096.932
VNM,Vietnam,CAN,Canada,2005,Export,356020.354
VNM,Vietnam,CCK,Cocos (Keeling) Islands,2003,Export,145.854
VNM,Vietnam,CCK,Cocos (Keeling) Islands,2004,Export,5.156
VNM,Vietnam,CCK,Cocos (Keeling) Islands,2005,Export,15.882
VNM,Vietnam,CHE,Switzerland,2003,Export,74667.184
VNM,Vietnam,CHE,Switzerland,2004,Export,135144.798
VNM,Vietnam,CHE,Switzerland,2005,Export,103997.777
VNM,Vietnam,CHL,Chile,2003,Export,10330.66
VNM,Vietnam,CHL,Chile,2004,Export,22135.743
VNM,Vietnam,BTN,Bhutan,2005,Export,11.155
VNM,Vietnam,CHL,Chile,2005,Export,30882.229
VNM,Vietnam,BTN,Bhutan,2004,Export,30.22
VNM,Vietnam,BRN,Brunei,2004,Export,995.951
VNM,Vietnam,BLR,Belarus,2005,Export,971.297
VNM,Vietnam,BLZ,Belize,2003,Export,291.181
VNM,Vietnam,BLZ,Belize,2004,Export,1938.86
VNM,Vietnam,BLZ,Belize,2005,Export,4830.659
VNM,Vietnam,BMU,Bermuda,2003,Export,37.468
VNM,Vietnam,BMU,Bermuda,2004,Export,58.802
VNM,Vietnam,BMU,Bermuda,2005,Export,313.072
VNM,Vietnam,BOL,Bolivia,2003,Export,76.287
VNM,Vietnam,BOL,Bolivia,2004,Export,122.994
VNM,Vietnam,BOL,Bolivia,2005,Export,553.461
VNM,Vietnam,BRA,Brazil,2003,Export,22571.821
VNM,Vietnam,BRA,Brazil,2004,Export,25019.328
VNM,Vietnam,BRA,Brazil,2005,Export,32245.07
VNM,Vietnam,BRB,Barbados,2003,Export,83.902
VNM,Vietnam,BRB,Barbados,2004,Export,281.339
VNM,Vietnam,BRB,Barbados,2005,Export,181.463
VNM,Vietnam,BRN,Brunei,2003,Export,539.175
VNM,Vietnam,BRN,Brunei,2005,Export,599.236
VNM,Vietnam,CHN,China,2003,Export,1883114.546
VNM,Vietnam,CHN,China,2004,Export,2899134.901
VNM,Vietnam,CHN,China,2005,Export,3246384.057
VNM,Vietnam,CRI,Costa Rica,2005,Export,2017.473
VNM,Vietnam,CUB,Cuba,2003,Export,65285.597
VNM,Vietnam,CUB,Cuba,2004,Export,105251.416
VNM,Vietnam,CUB,Cuba,2005,Export,207136.74
VNM,Vietnam,CXR,Christmas Island,2003,Export,316.207
VNM,Vietnam,CXR,Christmas Island,2005,Export,208.986
VNM,Vietnam,CYM,Cayman Islands,2004,Export,11.275
VNM,Vietnam,CYP,Cyprus,2003,Export,2118.975
VNM,Vietnam,CYP,Cyprus,2004,Export,2876.169
VNM,Vietnam,CYP,Cyprus,2005,Export,4832.295
VNM,Vietnam,CZE,Czech Republic,2003,Export,39010.155
VNM,Vietnam,CZE,Czech Republic,2004,Export,42646.196
VNM,Vietnam,CZE,Czech Republic,2005,Export,49011.347
VNM,Vietnam,DEU,Germany,2003,Export,854713.815
VNM,Vietnam,DEU,Germany,2004,Export,1064734.842
VNM,Vietnam,DEU,Germany,2005,Export,1085543.392
VNM,Vietnam,DJI,Djibouti,2003,Export,186.314
VNM,Vietnam,CRI,Costa Rica,2004,Export,790.978
VNM,Vietnam,CRI,Costa Rica,2003,Export,720.989
VNM,Vietnam,CPV,Cape Verde,2005,Export,35.146
VNM,Vietnam,CPV,Cape Verde,2003,Export,6.484
VNM,Vietnam,CIV,Cote d'Ivoire,2003,Export,4319.311
VNM,Vietnam,CIV,Cote d'Ivoire,2004,Export,32623.69
VNM,Vietnam,CIV,Cote d'Ivoire,2005,Export,81130.893
VNM,Vietnam,CMR,Cameroon,2003,Export,497.426
VNM,Vietnam,CMR,Cameroon,2004,Export,5737.691
VNM,Vietnam,CMR,Cameroon,2005,Export,7508.731
VNM,Vietnam,COG,"Congo, Rep.",2003,Export,2854.776
VNM,Vietnam,COG,"Congo, Rep.",2004,Export,4092.891
VNM,Vietnam,DJI,Djibouti,2005,Export,565.256
VNM,Vietnam,COG,"Congo, Rep.",2005,Export,16865.861
VNM,Vietnam,COK,Cook Islands,2004,Export,21.348
VNM,Vietnam,COK,Cook Islands,2005,Export,12.645
VNM,Vietnam,COL,Colombia,2003,Export,3366.95
VNM,Vietnam,COL,Colombia,2004,Export,8232.74
VNM,Vietnam,COL,Colombia,2005,Export,10505.055
VNM,Vietnam,COM,Comoros,2003,Export,22.562
VNM,Vietnam,COM,Comoros,2004,Export,73.117
VNM,Vietnam,COM,Comoros,2005,Export,4.207
VNM,Vietnam,COK,Cook Islands,2003,Export,24.192
VNM,Vietnam,SAU,Saudi Arabia,2003,Export,17030.406
VNM,Vietnam,SAU,Saudi Arabia,2004,Export,21883.578
VNM,Vietnam,SAU,Saudi Arabia,2005,Export,30448.173
VNM,Vietnam,KHM,Cambodia,1999,Export,90243
VNM,Vietnam,KIR,Kiribati,1997,Export,20
VNM,Vietnam,KIR,Kiribati,1999,Export,96
VNM,Vietnam,KOR,"Korea, Rep.",1997,Export,417016
VNM,Vietnam,KOR,"Korea, Rep.",1998,Export,478772
VNM,Vietnam,KOR,"Korea, Rep.",1999,Export,319856.992
VNM,Vietnam,KWT,Kuwait,1997,Export,837
VNM,Vietnam,KWT,Kuwait,1998,Export,45825
VNM,Vietnam,KWT,Kuwait,1999,Export,1741
VNM,Vietnam,LAO,Lao PDR,1997,Export,30397
VNM,Vietnam,LAO,Lao PDR,1998,Export,252419.008
VNM,Vietnam,LAO,Lao PDR,1999,Export,163843.008
VNM,Vietnam,LBN,Lebanon,1997,Export,515
VNM,Vietnam,KHM,Cambodia,1998,Export,93811
VNM,Vietnam,LBN,Lebanon,1998,Export,171252
VNM,Vietnam,LBR,Liberia,1997,Export,1049
VNM,Vietnam,LBR,Liberia,1999,Export,392
VNM,Vietnam,LBY,Libya,1997,Export,3159
VNM,Vietnam,LBY,Libya,1999,Export,99
VNM,Vietnam,LKA,Sri Lanka,1997,Export,930
VNM,Vietnam,LKA,Sri Lanka,1998,Export,3806
VNM,Vietnam,LKA,Sri Lanka,1999,Export,14481
VNM,Vietnam,LTU,Lithuania,1997,Export,41
VNM,Vietnam,LTU,Lithuania,1999,Export,246
VNM,Vietnam,LVA,Latvia,1997,Export,157
VNM,Vietnam,LVA,Latvia,1998,Export,1365
VNM,Vietnam,LVA,Latvia,1999,Export,8297
VNM,Vietnam,MAC,Macao,1997,Export,953
VNM,Vietnam,LBN,Lebanon,1999,Export,2037
VNM,Vietnam,MAC,Macao,1999,Export,308
VNM,Vietnam,KHM,Cambodia,1997,Export,108930
VNM,Vietnam,KEN,Kenya,1999,Export,771
VNM,Vietnam,IRL,Ireland,1999,Export,6925
VNM,Vietnam,IRN,"Iran, Islamic Rep.",1997,Export,24277
VNM,Vietnam,IRN,"Iran, Islamic Rep.",1998,Export,8983
VNM,Vietnam,IRN,"Iran, Islamic Rep.",1999,Export,25478
VNM,Vietnam,IRQ,Iraq,1997,Export,101140
VNM,Vietnam,IRQ,Iraq,1998,Export,29345
VNM,Vietnam,IRQ,Iraq,1999,Export,211324.992
VNM,Vietnam,ISL,Iceland,1997,Export,799
VNM,Vietnam,ISL,Iceland,1998,Export,125617
VNM,Vietnam,ISL,Iceland,1999,Export,1858
VNM,Vietnam,ISR,Israel,1997,Export,5564
VNM,Vietnam,ISR,Israel,1998,Export,18729
VNM,Vietnam,ISR,Israel,1999,Export,14686
VNM,Vietnam,KGZ,Kyrgyz Republic,1997,Export,15
VNM,Vietnam,ITA,Italy,1997,Export,118176
VNM,Vietnam,ITA,Italy,1999,Export,159391.008
VNM,Vietnam,JAM,Jamaica,1997,Export,45
VNM,Vietnam,JAM,Jamaica,1999,Export,316
VNM,Vietnam,JOR,Jordan,1997,Export,235
VNM,Vietnam,JOR,Jordan,1998,Export,48187
VNM,Vietnam,JOR,Jordan,1999,Export,1147
VNM,Vietnam,JPN,Japan,1997,Export,1675422.976
VNM,Vietnam,JPN,Japan,1998,Export,504983.008
VNM,Vietnam,JPN,Japan,1999,Export,1785822.976
VNM,Vietnam,KAZ,Kazakhstan,1997,Export,25
VNM,Vietnam,KAZ,Kazakhstan,1999,Export,52
VNM,Vietnam,KEN,Kenya,1997,Export,2915
VNM,Vietnam,KEN,Kenya,1998,Export,40676
VNM,Vietnam,ITA,Italy,1998,Export,153819.008
VNM,Vietnam,MAR,Morocco,1997,Export,1184
VNM,Vietnam,MAR,Morocco,1998,Export,124
VNM,Vietnam,MAR,Morocco,1999,Export,765
VNM,Vietnam,CHE,Switzerland,2015,Export,230718.648
VNM,Vietnam,CHE,Switzerland,2016,Export,593483.3
VNM,Vietnam,CHL,Chile,2015,Export,649499.975
VNM,Vietnam,CHL,Chile,2016,Export,805234.359
VNM,Vietnam,CHN,China,2015,Export,16567685.86
VNM,Vietnam,CHN,China,2016,Export,21950444.54
VNM,Vietnam,CIV,Cote d'Ivoire,2015,Export,137825.615
VNM,Vietnam,CIV,Cote d'Ivoire,2016,Export,120941.799
VNM,Vietnam,CMR,Cameroon,2015,Export,38570.973
VNM,Vietnam,CMR,Cameroon,2016,Export,21305.624
VNM,Vietnam,COG,"Congo, Rep.",2015,Export,4403.553
VNM,Vietnam,COG,"Congo, Rep.",2016,Export,1689.388
VNM,Vietnam,COL,Colombia,2015,Export,346002.782
VNM,Vietnam,CAN,Canada,2016,Export,2652547.173
VNM,Vietnam,COL,Colombia,2016,Export,325094.039
VNM,Vietnam,CRI,Costa Rica,2016,Export,210318.735
VNM,Vietnam,CYP,Cyprus,2015,Export,33428.805
VNM,Vietnam,CYP,Cyprus,2016,Export,38122.909
VNM,Vietnam,CZE,Czech Republic,2016,Export,146173.879
VNM,Vietnam,DEU,Germany,2015,Export,5707416.104
VNM,Vietnam,DEU,Germany,2016,Export,5960516.081
VNM,Vietnam,DJI,Djibouti,2015,Export,45230.543
VNM,Vietnam,DJI,Djibouti,2016,Export,26608.227
VNM,Vietnam,DNK,Denmark,2015,Export,289372.551
VNM,Vietnam,DNK,Denmark,2016,Export,283030.07
VNM,Vietnam,DOM,Dominican Republic,2015,Export,65009.46
VNM,Vietnam,DOM,Dominican Republic,2016,Export,74911.502
VNM,Vietnam,DZA,Algeria,2015,Export,233773.699
VNM,Vietnam,CRI,Costa Rica,2015,Export,76073.781
VNM,Vietnam,CAN,Canada,2015,Export,2407623.872
VNM,Vietnam,CAF,Central African Republic,2016,Export,2230.031
VNM,Vietnam,BWA,Botswana,2016,Export,58.622
VNM,Vietnam,AUS,Australia,2015,Export,2905591.718
VNM,Vietnam,AUS,Australia,2016,Export,2864858.061
VNM,Vietnam,AUT,Austria,2015,Export,2188698.88
VNM,Vietnam,AUT,Austria,2016,Export,2631290.421
VNM,Vietnam,AZE,Azerbaijan,2015,Export,34216.086
VNM,Vietnam,AZE,Azerbaijan,2016,Export,5138.595
VNM,Vietnam,BEL,Belgium,2015,Export,1779487.078
VNM,Vietnam,BEL,Belgium,2016,Export,1967240.011
VNM,Vietnam,BEN,Benin,2015,Export,21153.823
VNM,Vietnam,BEN,Benin,2016,Export,15865.696
VNM,Vietnam,BFA,Burkina Faso,2015,Export,8470.986
VNM,Vietnam,BFA,Burkina Faso,2016,Export,715.09
VNM,Vietnam,BGD,Bangladesh,2015,Export,569998.509
VNM,Vietnam,BGD,Bangladesh,2016,Export,554678.742
VNM,Vietnam,BGR,Bulgaria,2015,Export,40845.028
VNM,Vietnam,BGR,Bulgaria,2016,Export,44629.944
VNM,Vietnam,BHR,Bahrain,2015,Export,15493.561
VNM,Vietnam,BHR,Bahrain,2016,Export,18148.147
VNM,Vietnam,BHS,"Bahamas, The",2015,Export,35785.659
VNM,Vietnam,BHS,"Bahamas, The",2016,Export,55722.882
VNM,Vietnam,BLR,Belarus,2015,Export,4627.256
VNM,Vietnam,BLR,Belarus,2016,Export,2540.938
VNM,Vietnam,BOL,Bolivia,2015,Export,10804.325
VNM,Vietnam,BOL,Bolivia,2016,Export,15752.785
VNM,Vietnam,BRA,Brazil,2015,Export,1435801.05
VNM,Vietnam,BRA,Brazil,2016,Export,1332352.709
VNM,Vietnam,BRN,Brunei,2015,Export,25520.811
VNM,Vietnam,BRN,Brunei,2016,Export,20052.297
VNM,Vietnam,BWA,Botswana,2015,Export,905.305
VNM,Vietnam,IRL,Ireland,1998,Export,63631
VNM,Vietnam,DZA,Algeria,2016,Export,271244.601
VNM,Vietnam,IRL,Ireland,1997,Export,2367
VNM,Vietnam,IND,India,1998,Export,127106
VNM,Vietnam,COL,Colombia,1999,Export,3805
VNM,Vietnam,CRI,Costa Rica,1997,Export,422
VNM,Vietnam,CRI,Costa Rica,1999,Export,703
VNM,Vietnam,CUB,Cuba,1997,Export,9337
VNM,Vietnam,CUB,Cuba,1998,Export,4847
VNM,Vietnam,CUB,Cuba,1999,Export,36984
VNM,Vietnam,CYP,Cyprus,1997,Export,596
VNM,Vietnam,CYP,Cyprus,1998,Export,2
VNM,Vietnam,CYP,Cyprus,1999,Export,452
VNM,Vietnam,CZE,Czech Republic,1997,Export,24847
VNM,Vietnam,CZE,Czech Republic,1998,Export,48771
VNM,Vietnam,CZE,Czech Republic,1999,Export,34043
VNM,Vietnam,DEU,Germany,1997,Export,411412
VNM,Vietnam,COL,Colombia,1998,Export,4089
VNM,Vietnam,DEU,Germany,1998,Export,194339.008
VNM,Vietnam,DJI,Djibouti,1999,Export,398
VNM,Vietnam,DMA,Dominica,1997,Export,178
VNM,Vietnam,DMA,Dominica,1998,Export,10243
VNM,Vietnam,DMA,Dominica,1999,Export,1705
VNM,Vietnam,DNK,Denmark,1997,Export,32197
VNM,Vietnam,DNK,Denmark,1998,Export,21927
VNM,Vietnam,DNK,Denmark,1999,Export,43686
VNM,Vietnam,DZA,Algeria,1997,Export,8221
VNM,Vietnam,DZA,Algeria,1998,Export,1466
VNM,Vietnam,DZA,Algeria,1999,Export,4731
VNM,Vietnam,ECU,Ecuador,1997,Export,537
VNM,Vietnam,ECU,Ecuador,1998,Export,1952
VNM,Vietnam,ECU,Ecuador,1999,Export,952
VNM,Vietnam,DEU,Germany,1999,Export,654280
VNM,Vietnam,EGY,"Egypt, Arab Rep.",1997,Export,6538
VNM,Vietnam,COL,Colombia,1997,Export,2205
VNM,Vietnam,COG,"Congo, Rep.",1997,Export,126
VNM,Vietnam,BOL,Bolivia,1997,Export,83
VNM,Vietnam,BOL,Bolivia,1999,Export,57
VNM,Vietnam,BRA,Brazil,1997,Export,11120
VNM,Vietnam,BRA,Brazil,1998,Export,14345
VNM,Vietnam,BRA,Brazil,1999,Export,8637
VNM,Vietnam,BRB,Barbados,1999,Export,33
VNM,Vietnam,BRN,Brunei,1997,Export,3124
VNM,Vietnam,BRN,Brunei,1998,Export,18
VNM,Vietnam,BRN,Brunei,1999,Export,543
VNM,Vietnam,BTN,Bhutan,1997,Export,111
VNM,Vietnam,CAF,Central African Republic,1999,Export,1513
VNM,Vietnam,CAN,Canada,1997,Export,63846
VNM,Vietnam,CAN,Canada,1998,Export,221418
VNM,Vietnam,COG,"Congo, Rep.",1999,Export,961
VNM,Vietnam,CAN,Canada,1999,Export,91036
VNM,Vietnam,CHE,Switzerland,1998,Export,9380
VNM,Vietnam,CHE,Switzerland,1999,Export,267880.992
VNM,Vietnam,CHL,Chile,1997,Export,4432
VNM,Vietnam,CHL,Chile,1998,Export,26858
VNM,Vietnam,CHL,Chile,1999,Export,6769
VNM,Vietnam,CHN,China,1997,Export,474096.992
VNM,Vietnam,CHN,China,1998,Export,103977
VNM,Vietnam,CHN,China,1999,Export,746384
VNM,Vietnam,CIV,Cote d'Ivoire,1997,Export,461
VNM,Vietnam,CIV,Cote d'Ivoire,1999,Export,1217
VNM,Vietnam,CMR,Cameroon,1997,Export,6
VNM,Vietnam,CMR,Cameroon,1998,Export,443
VNM,Vietnam,CMR,Cameroon,1999,Export,394
VNM,Vietnam,CHE,Switzerland,1997,Export,331936
VNM,Vietnam,EGY,"Egypt, Arab Rep.",1998,Export,8907
VNM,Vietnam,EGY,"Egypt, Arab Rep.",1999,Export,12267
VNM,Vietnam,ESP,Spain,1997,Export,66383
VNM,Vietnam,GNQ,Equatorial Guinea,1997,Export,75
VNM,Vietnam,GNQ,Equatorial Guinea,1998,Export,40
VNM,Vietnam,GNQ,Equatorial Guinea,1999,Export,100
VNM,Vietnam,GRC,Greece,1997,Export,6116
VNM,Vietnam,GRC,Greece,1998,Export,112601
VNM,Vietnam,GRC,Greece,1999,Export,14997
VNM,Vietnam,GRD,Grenada,1997,Export,20
VNM,Vietnam,GRD,Grenada,1998,Export,45
VNM,Vietnam,GRD,Grenada,1999,Export,2020
VNM,Vietnam,GTM,Guatemala,1998,Export,13771
VNM,Vietnam,GTM,Guatemala,1999,Export,2452
VNM,Vietnam,GUY,Guyana,1997,Export,43
VNM,Vietnam,GUY,Guyana,1999,Export,6
VNM,Vietnam,GNB,Guinea-Bissau,1999,Export,6
VNM,Vietnam,HKG,"Hong Kong, China",1997,Export,430692
VNM,Vietnam,HKG,"Hong Kong, China",1999,Export,235568
VNM,Vietnam,HND,Honduras,1997,Export,70
VNM,Vietnam,HND,Honduras,1998,Export,292
VNM,Vietnam,HND,Honduras,1999,Export,503
VNM,Vietnam,HRV,Croatia,1997,Export,378
VNM,Vietnam,HRV,Croatia,1998,Export,30
VNM,Vietnam,HRV,Croatia,1999,Export,497
VNM,Vietnam,HTI,Haiti,1997,Export,271
VNM,Vietnam,HTI,Haiti,1999,Export,85
VNM,Vietnam,HUN,Hungary,1997,Export,26439
VNM,Vietnam,HUN,Hungary,1998,Export,131762
VNM,Vietnam,HUN,Hungary,1999,Export,10841
VNM,Vietnam,IND,India,1997,Export,13245
VNM,Vietnam,HKG,"Hong Kong, China",1998,Export,319216.992
VNM,Vietnam,GMB,"Gambia, The",1999,Export,2453
VNM,Vietnam,GMB,"Gambia, The",1997,Export,23
VNM,Vietnam,GIN,Guinea,1999,Export,2653
VNM,Vietnam,ESP,Spain,1998,Export,206212.992
VNM,Vietnam,ESP,Spain,1999,Export,108015
VNM,Vietnam,EST,Estonia,1997,Export,110
VNM,Vietnam,EST,Estonia,1999,Export,247
VNM,Vietnam,ETH,Ethiopia(excludes Eritrea),1997,Export,37
VNM,Vietnam,ETH,Ethiopia(excludes Eritrea),1999,Export,209
VNM,Vietnam,FIN,Finland,1997,Export,13397
VNM,Vietnam,FIN,Finland,1998,Export,83286
VNM,Vietnam,FIN,Finland,1999,Export,16869
VNM,Vietnam,FJI,Fiji,1997,Export,535
VNM,Vietnam,FJI,Fiji,1998,Export,5609
VNM,Vietnam,FJI,Fiji,1999,Export,158
VNM,Vietnam,FRA,France,1997,Export,238144.992
VNM,Vietnam,FRA,France,1998,Export,108677
VNM,Vietnam,FRA,France,1999,Export,354792
VNM,Vietnam,FRE,Free Zones,1997,Export,47601
VNM,Vietnam,FRE,Free Zones,1998,Export,336792.992
VNM,Vietnam,FRE,Free Zones,1999,Export,419984.992
VNM,Vietnam,GAB,Gabon,1997,Export,124
VNM,Vietnam,GAB,Gabon,1999,Export,595
VNM,Vietnam,GBR,United Kingdom,1997,Export,265216.992
VNM,Vietnam,GBR,United Kingdom,1998,Export,97088
VNM,Vietnam,GBR,United Kingdom,1999,Export,421172
VNM,Vietnam,GEO,Georgia,1999,Export,1331
VNM,Vietnam,GHA,Ghana,1997,Export,129
VNM,Vietnam,GHA,Ghana,1998,Export,538
VNM,Vietnam,GHA,Ghana,1999,Export,8346
VNM,Vietnam,GIB,Gibraltar,1999,Export,8
VNM,Vietnam,GIN,Guinea,1997,Export,2269
VNM,Vietnam,IND,India,1999,Export,17031
VNM,Vietnam,BLZ,Belize,1999,Export,107
VNM,Vietnam,ECU,Ecuador,2015,Export,95739.986
VNM,Vietnam,EGY,"Egypt, Arab Rep.",2015,Export,361679.205
VNM,Vietnam,SEN,Senegal,1999,Export,8314
VNM,Vietnam,SER,"Serbia, FR(Serbia/Montenegro)",1997,Export,288
VNM,Vietnam,SER,"Serbia, FR(Serbia/Montenegro)",1998,Export,277
VNM,Vietnam,SER,"Serbia, FR(Serbia/Montenegro)",1999,Export,315
VNM,Vietnam,SGP,Singapore,1997,Export,1215918.976
VNM,Vietnam,SGP,Singapore,1998,Export,249723.008
VNM,Vietnam,SGP,Singapore,1999,Export,876257.024
VNM,Vietnam,SLB,Solomon Islands,1999,Export,16
VNM,Vietnam,SLE,Sierra Leone,1999,Export,530
VNM,Vietnam,SLV,El Salvador,1997,Export,70
VNM,Vietnam,SLV,El Salvador,1999,Export,1834
VNM,Vietnam,SOM,Somalia,1999,Export,41
VNM,Vietnam,SUR,Suriname,1999,Export,384
VNM,Vietnam,SEN,Senegal,1997,Export,146
VNM,Vietnam,SVK,Slovak Republic,1997,Export,2797
VNM,Vietnam,SVK,Slovak Republic,1999,Export,5593
VNM,Vietnam,SVN,Slovenia,1997,Export,510
VNM,Vietnam,SVN,Slovenia,1998,Export,44700
VNM,Vietnam,SVN,Slovenia,1999,Export,1326
VNM,Vietnam,SWE,Sweden,1997,Export,47072
VNM,Vietnam,SWE,Sweden,1998,Export,93473
VNM,Vietnam,SWE,Sweden,1999,Export,45240
VNM,Vietnam,SYC,Seychelles,1999,Export,106
VNM,Vietnam,SYR,Syrian Arab Republic,1997,Export,390
VNM,Vietnam,SYR,Syrian Arab Republic,1998,Export,762
VNM,Vietnam,SYR,Syrian Arab Republic,1999,Export,5974
VNM,Vietnam,TCD,Chad,1997,Export,447
VNM,Vietnam,TCD,Chad,1998,Export,25
VNM,Vietnam,SVK,Slovak Republic,1998,Export,32088
VNM,Vietnam,TCD,Chad,1999,Export,29
VNM,Vietnam,SDN,Fm Sudan,1999,Export,513
VNM,Vietnam,SAU,Saudi Arabia,1999,Export,15255
VNM,Vietnam,PHL,Philippines,1998,Export,60250
VNM,Vietnam,PHL,Philippines,1999,Export,393177.984
VNM,Vietnam,PNG,Papua New Guinea,1997,Export,1578
VNM,Vietnam,PNG,Papua New Guinea,1999,Export,2028
VNM,Vietnam,POL,Poland,1997,Export,40952
VNM,Vietnam,POL,Poland,1998,Export,207722
VNM,Vietnam,POL,Poland,1999,Export,63053
VNM,Vietnam,PRK,"Korea, Dem. Rep.",1997,Export,2842
VNM,Vietnam,PRK,"Korea, Dem. Rep.",1999,Export,3908
VNM,Vietnam,PRT,Portugal,1997,Export,4210
VNM,Vietnam,PRT,Portugal,1998,Export,49571
VNM,Vietnam,PRT,Portugal,1999,Export,5227
VNM,Vietnam,PRY,Paraguay,1997,Export,955
VNM,Vietnam,SDN,Fm Sudan,1997,Export,85
VNM,Vietnam,PRY,Paraguay,1998,Export,1766
VNM,Vietnam,QAT,Qatar,1997,Export,84
VNM,Vietnam,QAT,Qatar,1999,Export,44
VNM,Vietnam,ROM,Romania,1997,Export,2536
VNM,Vietnam,ROM,Romania,1998,Export,32757
VNM,Vietnam,ROM,Romania,1999,Export,3601
VNM,Vietnam,RUS,Russian Federation,1997,Export,124582
VNM,Vietnam,RUS,Russian Federation,1998,Export,68039
VNM,Vietnam,RUS,Russian Federation,1999,Export,114874
VNM,Vietnam,RWA,Rwanda,1997,Export,631
VNM,Vietnam,RWA,Rwanda,1998,Export,73911
VNM,Vietnam,RWA,Rwanda,1999,Export,2385
VNM,Vietnam,SAU,Saudi Arabia,1997,Export,10230
VNM,Vietnam,SAU,Saudi Arabia,1998,Export,174754
VNM,Vietnam,PRY,Paraguay,1999,Export,679
VNM,Vietnam,TGO,Togo,1997,Export,4217
VNM,Vietnam,TGO,Togo,1998,Export,76393
VNM,Vietnam,TGO,Togo,1999,Export,3816
VNM,Vietnam,USA,United States,1997,Export,286767.008
VNM,Vietnam,USA,United States,1998,Export,465948.992
VNM,Vietnam,USA,United States,1999,Export,503980
VNM,Vietnam,UZB,Uzbekistan,1997,Export,444
VNM,Vietnam,UZB,Uzbekistan,1999,Export,276
VNM,Vietnam,VEN,Venezuela,1997,Export,687
VNM,Vietnam,VEN,Venezuela,1998,Export,19401
VNM,Vietnam,VEN,Venezuela,1999,Export,6911
VNM,Vietnam,VUT,Vanuatu,1997,Export,1018
VNM,Vietnam,VUT,Vanuatu,1998,Export,69
VNM,Vietnam,WLD, World,1997,Export,9184986.112
VNM,Vietnam,WLD, World,1998,Export,9360261.12
VNM,Vietnam,WLD, World,1999,Export,11541357.57
VNM,Vietnam,URY,Uruguay,1999,Export,897
VNM,Vietnam,WSM,Samoa,1997,Export,64
VNM,Vietnam,YEM,Yemen,1997,Export,320
VNM,Vietnam,YEM,Yemen,1998,Export,576
VNM,Vietnam,YEM,Yemen,1999,Export,2496
VNM,Vietnam,ZAF,South Africa,1997,Export,8826
VNM,Vietnam,ZAF,South Africa,1998,Export,106002
VNM,Vietnam,ZAF,South Africa,1999,Export,35394
VNM,Vietnam,ZAR,"Congo, Dem. Rep.",1997,Export,50
VNM,Vietnam,ZAR,"Congo, Dem. Rep.",1998,Export,66
VNM,Vietnam,ZAR,"Congo, Dem. Rep.",1999,Export,16
VNM,Vietnam,ZMB,Zambia,1997,Export,64
VNM,Vietnam,ZMB,Zambia,1998,Export,644
VNM,Vietnam,ZMB,Zambia,1999,Export,901
VNM,Vietnam,ZWE,Zimbabwe,1997,Export,277
VNM,Vietnam,WSM,Samoa,1999,Export,35
VNM,Vietnam,URY,Uruguay,1998,Export,31294
VNM,Vietnam,URY,Uruguay,1997,Export,3091
VNM,Vietnam,UNS,Unspecified,1999,Export,121395
VNM,Vietnam,THA,Thailand,1997,Export,235295.008
VNM,Vietnam,THA,Thailand,1998,Export,380983.008
VNM,Vietnam,THA,Thailand,1999,Export,312695.008
VNM,Vietnam,TJK,Tajikistan,1997,Export,16
VNM,Vietnam,TJK,Tajikistan,1998,Export,202
VNM,Vietnam,TJK,Tajikistan,1999,Export,120
VNM,Vietnam,TKM,Turkmenistan,1999,Export,90
VNM,Vietnam,TON,Tonga,1998,Export,407
VNM,Vietnam,TON,Tonga,1999,Export,24
VNM,Vietnam,TTO,Trinidad and Tobago,1997,Export,111
VNM,Vietnam,TTO,Trinidad and Tobago,1999,Export,659
VNM,Vietnam,TUN,Tunisia,1997,Export,151
VNM,Vietnam,TUN,Tunisia,1999,Export,1663
VNM,Vietnam,TUR,Turkey,1997,Export,5181
VNM,Vietnam,TUR,Turkey,1998,Export,55390
VNM,Vietnam,TUR,Turkey,1999,Export,9832
VNM,Vietnam,TUV,Tuvalu,1997,Export,51
VNM,Vietnam,TUV,Tuvalu,1998,Export,1687
VNM,Vietnam,TUV,Tuvalu,1999,Export,349
VNM,Vietnam,TZA,Tanzania,1997,Export,3280
VNM,Vietnam,TZA,Tanzania,1998,Export,72
VNM,Vietnam,TZA,Tanzania,1999,Export,21956
VNM,Vietnam,UGA,Uganda,1997,Export,53
VNM,Vietnam,UGA,Uganda,1999,Export,1012
VNM,Vietnam,UKR,Ukraine,1997,Export,13280
VNM,Vietnam,UKR,Ukraine,1998,Export,360120
VNM,Vietnam,UKR,Ukraine,1999,Export,17050
VNM,Vietnam,UNS,Unspecified,1997,Export,230144
VNM,Vietnam,UNS,Unspecified,1998,Export,39410
VNM,Vietnam,PHL,Philippines,1997,Export,240628
VNM,Vietnam,ECU,Ecuador,2016,Export,132203.293
VNM,Vietnam,PER,Peru,1999,Export,1050
VNM,Vietnam,PER,Peru,1997,Export,795
VNM,Vietnam,HND,Honduras,2015,Export,12355.589
VNM,Vietnam,HND,Honduras,2016,Export,12826.617
VNM,Vietnam,HRV,Croatia,2015,Export,32636.354
VNM,Vietnam,HRV,Croatia,2016,Export,45577.978
VNM,Vietnam,HTI,Haiti,2015,Export,28205.267
VNM,Vietnam,HTI,Haiti,2016,Export,19778.827
VNM,Vietnam,HUN,Hungary,2015,Export,65735.141
VNM,Vietnam,HUN,Hungary,2016,Export,93331.659
VNM,Vietnam,IDN,Indonesia,2015,Export,2847607.206
VNM,Vietnam,IDN,Indonesia,2016,Export,2617850.587
VNM,Vietnam,IND,India,2015,Export,2469722.108
VNM,Vietnam,IND,India,2016,Export,2687193.236
VNM,Vietnam,IRL,Ireland,2015,Export,115042.768
VNM,Vietnam,HKG,"Hong Kong, China",2016,Export,6088076.566
VNM,Vietnam,IRL,Ireland,2016,Export,112291.633
VNM,Vietnam,ISL,Iceland,2016,Export,872.378
VNM,Vietnam,ISR,Israel,2015,Export,533652.405
VNM,Vietnam,ISR,Israel,2016,Export,554091.167
VNM,Vietnam,ITA,Italy,2015,Export,2847802.642
VNM,Vietnam,ITA,Italy,2016,Export,3264814.561
VNM,Vietnam,JAM,Jamaica,2015,Export,5815.323
VNM,Vietnam,JAM,Jamaica,2016,Export,11425.792
VNM,Vietnam,JOR,Jordan,2015,Export,159164.715
VNM,Vietnam,JOR,Jordan,2016,Export,127630.126
VNM,Vietnam,JPN,Japan,2015,Export,14100341.29
VNM,Vietnam,JPN,Japan,2016,Export,14671488.77
VNM,Vietnam,KAZ,Kazakhstan,2015,Export,154028.234
VNM,Vietnam,KAZ,Kazakhstan,2016,Export,141927.818
VNM,Vietnam,ISL,Iceland,2015,Export,5772.48
VNM,Vietnam,MDA,Moldova,1997,Export,190
VNM,Vietnam,HKG,"Hong Kong, China",2015,Export,6959274.105
VNM,Vietnam,GTM,Guatemala,2015,Export,36636.737
VNM,Vietnam,EGY,"Egypt, Arab Rep.",2016,Export,292881.951
VNM,Vietnam,ESP,Spain,2015,Export,2299021.695
VNM,Vietnam,ESP,Spain,2016,Export,2293647.298
VNM,Vietnam,EST,Estonia,2015,Export,25501.212
VNM,Vietnam,EST,Estonia,2016,Export,30777.527
VNM,Vietnam,ETH,Ethiopia(excludes Eritrea),2015,Export,9432.67
VNM,Vietnam,FIN,Finland,2015,Export,117557.689
VNM,Vietnam,FIN,Finland,2016,Export,106566.503
VNM,Vietnam,FJI,Fiji,2015,Export,12827.618
VNM,Vietnam,FJI,Fiji,2016,Export,19837.379
VNM,Vietnam,FRA,France,2015,Export,2977755.867
VNM,Vietnam,FRA,France,2016,Export,3024879.065
VNM,Vietnam,GAB,Gabon,2015,Export,21075.7
VNM,Vietnam,GTM,Guatemala,2016,Export,38626.572
VNM,Vietnam,GAB,Gabon,2016,Export,8082.986
VNM,Vietnam,GBR,United Kingdom,2016,Export,4898076.612
VNM,Vietnam,GEO,Georgia,2015,Export,26101.743
VNM,Vietnam,GEO,Georgia,2016,Export,18710.76
VNM,Vietnam,GHA,Ghana,2015,Export,240505.189
VNM,Vietnam,GHA,Ghana,2016,Export,290732.998
VNM,Vietnam,GIN,Guinea,2015,Export,18474.945
VNM,Vietnam,GIN,Guinea,2016,Export,12479.052
VNM,Vietnam,GMB,"Gambia, The",2015,Export,3226.946
VNM,Vietnam,GMB,"Gambia, The",2016,Export,4536.343
VNM,Vietnam,GNB,Guinea-Bissau,2015,Export,2277.791
VNM,Vietnam,GNB,Guinea-Bissau,2016,Export,133.119
VNM,Vietnam,GRC,Greece,2015,Export,167255.451
VNM,Vietnam,GRC,Greece,2016,Export,188620.565
VNM,Vietnam,GBR,United Kingdom,2015,Export,4645219.798
VNM,Vietnam,MDA,Moldova,1999,Export,186
VNM,Vietnam,MDG,Madagascar,1999,Export,61
VNM,Vietnam,MDV,Maldives,1997,Export,381
VNM,Vietnam,NIC,Nicaragua,1997,Export,206
VNM,Vietnam,NIC,Nicaragua,1999,Export,713
VNM,Vietnam,NIU,Niue,1997,Export,46
VNM,Vietnam,NIU,Niue,1999,Export,17
VNM,Vietnam,NLD,Netherlands,1997,Export,266796
VNM,Vietnam,NLD,Netherlands,1998,Export,114737
VNM,Vietnam,NLD,Netherlands,1999,Export,342739.008
VNM,Vietnam,NOR,Norway,1997,Export,14619
VNM,Vietnam,NOR,Norway,1998,Export,115395
VNM,Vietnam,NOR,Norway,1999,Export,16388
VNM,Vietnam,NPL,Nepal,1997,Export,287
VNM,Vietnam,NPL,Nepal,1998,Export,12
VNM,Vietnam,NPL,Nepal,1999,Export,194
VNM,Vietnam,NGA,Nigeria,1999,Export,7250
VNM,Vietnam,NRU,Nauru,1999,Export,75
VNM,Vietnam,NZL,New Zealand,1998,Export,327155.008
VNM,Vietnam,NZL,New Zealand,1999,Export,17688
VNM,Vietnam,OAS,"Other Asia, nes",1997,Export,814467.968
VNM,Vietnam,OAS,"Other Asia, nes",1998,Export,212626
VNM,Vietnam,OAS,"Other Asia, nes",1999,Export,682324.992
VNM,Vietnam,OMN,Oman,1997,Export,119
VNM,Vietnam,OMN,Oman,1999,Export,362
VNM,Vietnam,PAK,Pakistan,1997,Export,1057
VNM,Vietnam,PAK,Pakistan,1998,Export,204791.008
VNM,Vietnam,PAK,Pakistan,1999,Export,5129
VNM,Vietnam,PAN,Panama,1997,Export,12340
VNM,Vietnam,PAN,Panama,1998,Export,59021
VNM,Vietnam,PAN,Panama,1999,Export,10996
VNM,Vietnam,NZL,New Zealand,1997,Export,20246
VNM,Vietnam,NGA,Nigeria,1998,Export,6535
VNM,Vietnam,NGA,Nigeria,1997,Export,2465
VNM,Vietnam,NER,Niger,1999,Export,1011
VNM,Vietnam,MDV,Maldives,1999,Export,50
VNM,Vietnam,MEX,Mexico,1997,Export,22430
VNM,Vietnam,MEX,Mexico,1998,Export,115142
VNM,Vietnam,MEX,Mexico,1999,Export,20092
VNM,Vietnam,MKD,North Macedonia,1997,Export,5
VNM,Vietnam,MKD,North Macedonia,1999,Export,138
VNM,Vietnam,MLI,Mali,1997,Export,117
VNM,Vietnam,MLI,Mali,1999,Export,1540
VNM,Vietnam,MLT,Malta,1997,Export,69
VNM,Vietnam,MLT,Malta,1999,Export,1400
VNM,Vietnam,MMR,Myanmar,1997,Export,1943
VNM,Vietnam,MMR,Myanmar,1998,Export,301152.992
VNM,Vietnam,MMR,Myanmar,1999,Export,1520
VNM,Vietnam,MNG,Mongolia,1997,Export,3204
VNM,Vietnam,MNG,Mongolia,1998,Export,58228
VNM,Vietnam,MNG,Mongolia,1999,Export,1192
VNM,Vietnam,MOZ,Mozambique,1997,Export,282
VNM,Vietnam,MOZ,Mozambique,1999,Export,4079
VNM,Vietnam,MRT,Mauritania,1997,Export,11
VNM,Vietnam,MRT,Mauritania,1999,Export,991
VNM,Vietnam,MWI,Malawi,1997,Export,142
VNM,Vietnam,MWI,Malawi,1999,Export,37
VNM,Vietnam,MYS,Malaysia,1997,Export,138646
VNM,Vietnam,MYS,Malaysia,1998,Export,148564
VNM,Vietnam,MYS,Malaysia,1999,Export,256456
VNM,Vietnam,NCL,New Caledonia,1997,Export,928
VNM,Vietnam,NCL,New Caledonia,1998,Export,38131
VNM,Vietnam,NCL,New Caledonia,1999,Export,1472
VNM,Vietnam,NER,Niger,1997,Export,37
VNM,Vietnam,PER,Peru,1998,Export,74774
VNM,Vietnam,BEN,Benin,2000,Export,369
VNM,Vietnam,BLZ,Belize,1997,Export,164
VNM,Vietnam,BLX,Belgium-Luxembourg,1997,Export,124907
VNM,Vietnam,TGO,Togo,2008,Export,27224.854
VNM,Vietnam,THA,Thailand,2006,Export,897550.668
VNM,Vietnam,THA,Thailand,2007,Export,1030035.429
VNM,Vietnam,THA,Thailand,2008,Export,1288546.819
VNM,Vietnam,TJK,Tajikistan,2006,Export,234.904
VNM,Vietnam,TJK,Tajikistan,2007,Export,336.299
VNM,Vietnam,TKM,Turkmenistan,2006,Export,160.734
VNM,Vietnam,TKM,Turkmenistan,2007,Export,2626.502
VNM,Vietnam,TKM,Turkmenistan,2008,Export,15381.736
VNM,Vietnam,TMP,East Timor,2006,Export,12182.411
VNM,Vietnam,TMP,East Timor,2007,Export,15566.071
VNM,Vietnam,TMP,East Timor,2008,Export,58888.631
VNM,Vietnam,TON,Tonga,2006,Export,182.624
VNM,Vietnam,TGO,Togo,2007,Export,7949.914
VNM,Vietnam,TON,Tonga,2007,Export,190.131
VNM,Vietnam,TTO,Trinidad and Tobago,2007,Export,1265.464
VNM,Vietnam,TTO,Trinidad and Tobago,2008,Export,5958.848
VNM,Vietnam,TUN,Tunisia,2006,Export,3612.449
VNM,Vietnam,TUN,Tunisia,2007,Export,6164.547
VNM,Vietnam,TUN,Tunisia,2008,Export,12656.626
VNM,Vietnam,TUR,Turkey,2006,Export,141920.142
VNM,Vietnam,TUR,Turkey,2007,Export,201803.768
VNM,Vietnam,TUR,Turkey,2008,Export,330492.343
VNM,Vietnam,TZA,Tanzania,2006,Export,22586.311
VNM,Vietnam,ZWE,Zimbabwe,2016,Export,15396.53
VNM,Vietnam,ZWE,Zimbabwe,2015,Export,11046.202
VNM,Vietnam,ZMB,Zambia,2016,Export,15475.094
VNM,Vietnam,ZMB,Zambia,2015,Export,22042.906
VNM,Vietnam,TTO,Trinidad and Tobago,2006,Export,1332.511
VNM,Vietnam,ZAR,"Congo, Dem. Rep.",2016,Export,8323.035
VNM,Vietnam,TGO,Togo,2006,Export,7283.25
VNM,Vietnam,SYR,Syrian Arab Republic,2007,Export,17276.402
VNM,Vietnam,SGP,Singapore,2007,Export,2234386.42
VNM,Vietnam,SGP,Singapore,2008,Export,2713824.006
VNM,Vietnam,SLB,Solomon Islands,2006,Export,323.781
VNM,Vietnam,SLB,Solomon Islands,2007,Export,485.172
VNM,Vietnam,SLE,Sierra Leone,2006,Export,14122.349
VNM,Vietnam,SLE,Sierra Leone,2007,Export,8440.933
VNM,Vietnam,SLE,Sierra Leone,2008,Export,25659.349
VNM,Vietnam,SLV,El Salvador,2006,Export,997.602
VNM,Vietnam,SLV,El Salvador,2007,Export,1749.778
VNM,Vietnam,SLV,El Salvador,2008,Export,4327.034
VNM,Vietnam,SMR,San Marino,2006,Export,78.224
VNM,Vietnam,SOM,Somalia,2006,Export,176.514
VNM,Vietnam,SOM,Somalia,2007,Export,554.27
VNM,Vietnam,SYR,Syrian Arab Republic,2008,Export,43812.343
VNM,Vietnam,SUR,Suriname,2006,Export,1943.091
VNM,Vietnam,SUR,Suriname,2008,Export,1953.768
VNM,Vietnam,SVK,Slovak Republic,2006,Export,23068.199
VNM,Vietnam,SVK,Slovak Republic,2007,Export,71480.274
VNM,Vietnam,SVK,Slovak Republic,2008,Export,109809.967
VNM,Vietnam,SVN,Slovenia,2006,Export,11517.321
VNM,Vietnam,SVN,Slovenia,2007,Export,18087.893
VNM,Vietnam,SVN,Slovenia,2008,Export,20651.915
VNM,Vietnam,SWE,Sweden,2006,Export,170964.85
VNM,Vietnam,SWE,Sweden,2007,Export,202356.022
VNM,Vietnam,SWE,Sweden,2008,Export,224896.287
VNM,Vietnam,SWZ,Eswatini,2008,Export,5497.394
VNM,Vietnam,SYC,Seychelles,2006,Export,484.48
VNM,Vietnam,SYR,Syrian Arab Republic,2006,Export,11546.817
VNM,Vietnam,SUR,Suriname,2007,Export,1572.717
VNM,Vietnam,ZAR,"Congo, Dem. Rep.",2015,Export,13607.614
VNM,Vietnam,ZAF,South Africa,2016,Export,868783.019
VNM,Vietnam,ZAF,South Africa,2015,Export,1038858.463
VNM,Vietnam,SWE,Sweden,2016,Export,914702.531
VNM,Vietnam,SWE,Sweden,2015,Export,936220.268
VNM,Vietnam,SVN,Slovenia,2016,Export,264509.642
VNM,Vietnam,SVN,Slovenia,2015,Export,196478.851
VNM,Vietnam,SVK,Slovak Republic,2016,Export,416720.716
VNM,Vietnam,SVK,Slovak Republic,2015,Export,275550.684
VNM,Vietnam,SUD,Sudan,2016,Export,24560.42
VNM,Vietnam,SUD,Sudan,2015,Export,22407.262
VNM,Vietnam,SLV,El Salvador,2016,Export,19144.718
VNM,Vietnam,SLV,El Salvador,2015,Export,14575.676
VNM,Vietnam,SLE,Sierra Leone,2016,Export,17223.553
VNM,Vietnam,SLE,Sierra Leone,2015,Export,14581.91
VNM,Vietnam,SLB,Solomon Islands,2016,Export,25703.415
VNM,Vietnam,SYR,Syrian Arab Republic,2015,Export,23510.059
VNM,Vietnam,SLB,Solomon Islands,2015,Export,9988.793
VNM,Vietnam,SGP,Singapore,2015,Export,3256607.245
VNM,Vietnam,SEN,Senegal,2016,Export,26868.976
VNM,Vietnam,SEN,Senegal,2015,Export,39592.368
VNM,Vietnam,SAU,Saudi Arabia,2016,Export,394082.587
VNM,Vietnam,SAU,Saudi Arabia,2015,Export,534044.074
VNM,Vietnam,RUS,Russian Federation,2016,Export,1616085.664
VNM,Vietnam,RUS,Russian Federation,2015,Export,1438336.839
VNM,Vietnam,ROM,Romania,2016,Export,97208.589
VNM,Vietnam,ROM,Romania,2015,Export,102173.644
VNM,Vietnam,QAT,Qatar,2016,Export,30353.515
VNM,Vietnam,QAT,Qatar,2015,Export,42075.464
VNM,Vietnam,PRY,Paraguay,2016,Export,26691.189
VNM,Vietnam,PRY,Paraguay,2015,Export,30255.145
VNM,Vietnam,SGP,Singapore,2016,Export,2419889.199
VNM,Vietnam,SYR,Syrian Arab Republic,2016,Export,32193.144
VNM,Vietnam,TCD,Chad,2015,Export,643.213
VNM,Vietnam,TGO,Togo,2015,Export,16882.71
VNM,Vietnam,YEM,Yemen,2016,Export,19352.292
VNM,Vietnam,YEM,Yemen,2015,Export,15608.038
VNM,Vietnam,WLD, World,2016,Export,176580786.6
VNM,Vietnam,WLD, World,2015,Export,162016742.5
VNM,Vietnam,VUT,Vanuatu,2016,Export,11142.724
VNM,Vietnam,VEN,Venezuela,2016,Export,18757.585
VNM,Vietnam,VEN,Venezuela,2015,Export,15446.01
VNM,Vietnam,UZB,Uzbekistan,2016,Export,9657.683
VNM,Vietnam,UZB,Uzbekistan,2015,Export,18017.573
VNM,Vietnam,USA,United States,2016,Export,38473176.75
VNM,Vietnam,USA,United States,2015,Export,33475028.55
VNM,Vietnam,URY,Uruguay,2016,Export,49652.696
VNM,Vietnam,URY,Uruguay,2015,Export,42491.302
VNM,Vietnam,UNS,Unspecified,2016,Export,1128895.058
VNM,Vietnam,UNS,Unspecified,2015,Export,2162420.758
VNM,Vietnam,UKR,Ukraine,2016,Export,188512.968
VNM,Vietnam,UKR,Ukraine,2015,Export,159962.799
VNM,Vietnam,TZA,Tanzania,2016,Export,28575.801
VNM,Vietnam,TZA,Tanzania,2015,Export,62095.494
VNM,Vietnam,TUR,Turkey,2016,Export,1328764.249
VNM,Vietnam,TUR,Turkey,2015,Export,1359630.344
VNM,Vietnam,TUN,Tunisia,2016,Export,42420.229
VNM,Vietnam,TUN,Tunisia,2015,Export,43108.197
VNM,Vietnam,TTO,Trinidad and Tobago,2016,Export,9530.05
VNM,Vietnam,TTO,Trinidad and Tobago,2015,Export,7005.326
VNM,Vietnam,TMP,East Timor,2016,Export,47296.199
VNM,Vietnam,THA,Thailand,2016,Export,3690731.566
VNM,Vietnam,THA,Thailand,2015,Export,3177665.958
VNM,Vietnam,TGO,Togo,2016,Export,48538.239
VNM,Vietnam,ZWE,Zimbabwe,2005,Export,225.356
VNM,Vietnam,PRT,Portugal,2016,Export,292071.785
VNM,Vietnam,ZWE,Zimbabwe,2004,Export,15.111
VNM,Vietnam,ZMB,Zambia,2005,Export,1522.946
VNM,Vietnam,SUR,Suriname,2004,Export,1348.161
VNM,Vietnam,SUR,Suriname,2005,Export,527.572
VNM,Vietnam,SVK,Slovak Republic,2003,Export,8210.543
VNM,Vietnam,SVK,Slovak Republic,2004,Export,8619.666
VNM,Vietnam,SVK,Slovak Republic,2005,Export,11658.14
VNM,Vietnam,SVN,Slovenia,2003,Export,2230.173
VNM,Vietnam,SVN,Slovenia,2004,Export,6969.284
VNM,Vietnam,SVN,Slovenia,2005,Export,8892.043
VNM,Vietnam,SWE,Sweden,2003,Export,89970.915
VNM,Vietnam,SWE,Sweden,2004,Export,108547.849
VNM,Vietnam,SWE,Sweden,2005,Export,133583.843
VNM,Vietnam,SWZ,Eswatini,2004,Export,4037.277
VNM,Vietnam,SWZ,Eswatini,2005,Export,1945.222
VNM,Vietnam,SUR,Suriname,2003,Export,182.948
VNM,Vietnam,SYC,Seychelles,2003,Export,173.15
VNM,Vietnam,SYR,Syrian Arab Republic,2003,Export,3609.09
VNM,Vietnam,SYR,Syrian Arab Republic,2004,Export,2764.809
VNM,Vietnam,SYR,Syrian Arab Republic,2005,Export,9358.062
VNM,Vietnam,TCA,Turks and Caicos Isl.,2005,Export,5.374
VNM,Vietnam,TCD,Chad,2003,Export,61.677
VNM,Vietnam,TGO,Togo,2003,Export,1449.939
VNM,Vietnam,TGO,Togo,2004,Export,4956.114
VNM,Vietnam,TGO,Togo,2005,Export,5791.984
VNM,Vietnam,THA,Thailand,2003,Export,335411.249
VNM,Vietnam,THA,Thailand,2004,Export,518050.043
VNM,Vietnam,THA,Thailand,2005,Export,862977.652
VNM,Vietnam,TJK,Tajikistan,2003,Export,94.256
VNM,Vietnam,TJK,Tajikistan,2004,Export,7.776
VNM,Vietnam,SYC,Seychelles,2004,Export,305.938
VNM,Vietnam,TJK,Tajikistan,2005,Export,196.364
VNM,Vietnam,STP,Sao Tome and Principe,2005,Export,7.156
VNM,Vietnam,SPM,Saint Pierre and Miquelon,2003,Export,98.878
VNM,Vietnam,SDN,Fm Sudan,2003,Export,802.236
VNM,Vietnam,SDN,Fm Sudan,2004,Export,2088.467
VNM,Vietnam,SDN,Fm Sudan,2005,Export,6188.175
VNM,Vietnam,SEN,Senegal,2003,Export,33974.859
VNM,Vietnam,SEN,Senegal,2004,Export,57165.89
VNM,Vietnam,SEN,Senegal,2005,Export,41893.559
VNM,Vietnam,SER,"Serbia, FR(Serbia/Montenegro)",2003,Export,848.462
VNM,Vietnam,SER,"Serbia, FR(Serbia/Montenegro)",2004,Export,882.223
VNM,Vietnam,SER,"Serbia, FR(Serbia/Montenegro)",2005,Export,339.471
VNM,Vietnam,SGP,Singapore,2003,Export,1024708.986
VNM,Vietnam,SGP,Singapore,2004,Export,1485257.337
VNM,Vietnam,SGP,Singapore,2005,Export,1916973.034
VNM,Vietnam,SGS,South Georgia and the South Sa,2003,Export,16.817
VNM,Vietnam,STP,Sao Tome and Principe,2003,Export,34.487
VNM,Vietnam,SGS,South Georgia and the South Sa,2005,Export,6.769
VNM,Vietnam,SHN,Saint Helena,2005,Export,39.135
VNM,Vietnam,SLB,Solomon Islands,2003,Export,2055.416
VNM,Vietnam,SLB,Solomon Islands,2004,Export,53.676
VNM,Vietnam,SLB,Solomon Islands,2005,Export,63.195
VNM,Vietnam,SLE,Sierra Leone,2003,Export,495.835
VNM,Vietnam,SLE,Sierra Leone,2004,Export,2373.84
VNM,Vietnam,SLE,Sierra Leone,2005,Export,7946.503
VNM,Vietnam,SLV,El Salvador,2003,Export,482.086
VNM,Vietnam,SLV,El Salvador,2004,Export,1396.119
VNM,Vietnam,SLV,El Salvador,2005,Export,1448.837
VNM,Vietnam,SOM,Somalia,2003,Export,127.296
VNM,Vietnam,SOM,Somalia,2004,Export,37.204
VNM,Vietnam,SOM,Somalia,2005,Export,1131.662
VNM,Vietnam,SHN,Saint Helena,2003,Export,89.375
VNM,Vietnam,TKL,Tokelau,2005,Export,23.328
VNM,Vietnam,TKM,Turkmenistan,2004,Export,53.376
VNM,Vietnam,TKM,Turkmenistan,2005,Export,319.449
VNM,Vietnam,UZB,Uzbekistan,2003,Export,66.86
VNM,Vietnam,UZB,Uzbekistan,2004,Export,321.621
VNM,Vietnam,UZB,Uzbekistan,2005,Export,201.461
VNM,Vietnam,VCT,St. Vincent and the Grenadines,2003,Export,35.508
VNM,Vietnam,VEN,Venezuela,2003,Export,1168.802
VNM,Vietnam,VEN,Venezuela,2004,Export,4708.336
VNM,Vietnam,VEN,Venezuela,2005,Export,7175.936
VNM,Vietnam,VGB,British Virgin Islands,2005,Export,50.399
VNM,Vietnam,VUT,Vanuatu,2003,Export,2042.703
VNM,Vietnam,VUT,Vanuatu,2004,Export,159.16
VNM,Vietnam,VUT,Vanuatu,2005,Export,3.687
VNM,Vietnam,WLD, World,2003,Export,20149323.75
VNM,Vietnam,WLD, World,2004,Export,26485034.71
VNM,Vietnam,USA,United States,2005,Export,5927443.825
VNM,Vietnam,WLD, World,2005,Export,32447129.17
VNM,Vietnam,WSM,Samoa,2003,Export,155.309
VNM,Vietnam,WSM,Samoa,2005,Export,46.48
VNM,Vietnam,YEM,Yemen,2003,Export,1382.132
VNM,Vietnam,YEM,Yemen,2004,Export,10885.396
VNM,Vietnam,YEM,Yemen,2005,Export,6639.147
VNM,Vietnam,ZAF,South Africa,2003,Export,22668.512
VNM,Vietnam,ZAF,South Africa,2004,Export,56757.528
VNM,Vietnam,ZAF,South Africa,2005,Export,111827.022
VNM,Vietnam,ZAR,"Congo, Dem. Rep.",2003,Export,81.858
VNM,Vietnam,ZAR,"Congo, Dem. Rep.",2004,Export,7109.564
VNM,Vietnam,ZAR,"Congo, Dem. Rep.",2005,Export,673.323
VNM,Vietnam,ZMB,Zambia,2003,Export,767.147
VNM,Vietnam,ZMB,Zambia,2004,Export,924.836
VNM,Vietnam,WLF,Wallis and Futura Isl.,2003,Export,6.216
VNM,Vietnam,USA,United States,2004,Export,5026606.126
VNM,Vietnam,USA,United States,2003,Export,3939559.132
VNM,Vietnam,URY,Uruguay,2005,Export,2382.768
VNM,Vietnam,TMP,East Timor,2003,Export,4834.27
VNM,Vietnam,TMP,East Timor,2004,Export,9647.118
VNM,Vietnam,TMP,East Timor,2005,Export,12354.293
VNM,Vietnam,TON,Tonga,2005,Export,31.85
VNM,Vietnam,TTO,Trinidad and Tobago,2003,Export,295.718
VNM,Vietnam,TTO,Trinidad and Tobago,2004,Export,982.555
VNM,Vietnam,TTO,Trinidad and Tobago,2005,Export,993.04
VNM,Vietnam,TUN,Tunisia,2003,Export,1579.986
VNM,Vietnam,TUN,Tunisia,2004,Export,1133.303
VNM,Vietnam,TUN,Tunisia,2005,Export,2398.161
VNM,Vietnam,TUR,Turkey,2003,Export,31315.958
VNM,Vietnam,TUR,Turkey,2004,Export,46755.703
VNM,Vietnam,TUR,Turkey,2005,Export,60209.467
VNM,Vietnam,TUV,Tuvalu,2003,Export,6.21
VNM,Vietnam,TUV,Tuvalu,2005,Export,12.312
VNM,Vietnam,TZA,Tanzania,2003,Export,20662.196
VNM,Vietnam,TZA,Tanzania,2004,Export,25041.714
VNM,Vietnam,TZA,Tanzania,2005,Export,22485.2
VNM,Vietnam,UGA,Uganda,2003,Export,485.599
VNM,Vietnam,UGA,Uganda,2004,Export,609.738
VNM,Vietnam,UGA,Uganda,2005,Export,1415.449
VNM,Vietnam,UKR,Ukraine,2003,Export,26422.382
VNM,Vietnam,UKR,Ukraine,2004,Export,33389.438
VNM,Vietnam,UKR,Ukraine,2005,Export,39192.103
VNM,Vietnam,UNS,Unspecified,2003,Export,75646.237
VNM,Vietnam,UNS,Unspecified,2004,Export,49643.347
VNM,Vietnam,UNS,Unspecified,2005,Export,175026.427
VNM,Vietnam,URY,Uruguay,2003,Export,455.434
VNM,Vietnam,URY,Uruguay,2004,Export,1150.121
VNM,Vietnam,ZWE,Zimbabwe,2003,Export,75.009
VNM,Vietnam,BLX,Belgium-Luxembourg,1998,Export,41664
VNM,Vietnam,PRT,Portugal,2015,Export,287903.762
VNM,Vietnam,POL,Poland,2015,Export,585158.08
VNM,Vietnam,BRA,Brazil,2020,Export,1824202.389
VNM,Vietnam,BRA,Brazil,2019,Export,2147859.727
VNM,Vietnam,BLR,Belarus,2020,Export,8362.454
VNM,Vietnam,BLR,Belarus,2019,Export,7531.079
VNM,Vietnam,BGR,Bulgaria,2020,Export,58192.247
VNM,Vietnam,BGR,Bulgaria,2019,Export,58397.151
VNM,Vietnam,BGD,Bangladesh,2020,Export,693109.138
VNM,Vietnam,BGD,Bangladesh,2019,Export,693878.279
VNM,Vietnam,BEL,Belgium,2020,Export,2313678.777
VNM,Vietnam,BEL,Belgium,2019,Export,2552275.644
VNM,Vietnam,AZE,Azerbaijan,2020,Export,3653.396
VNM,Vietnam,AZE,Azerbaijan,2019,Export,2022.86
VNM,Vietnam,AUT,Austria,2020,Export,2882272.732
VNM,Vietnam,BRN,Brunei,2019,Export,66627.612
VNM,Vietnam,AUT,Austria,2019,Export,3265952.693
VNM,Vietnam,AUS,Australia,2019,Export,3495325.162
VNM,Vietnam,ARG,Argentina,2020,Export,566403.078
VNM,Vietnam,ARG,Argentina,2019,Export,554281.282
VNM,Vietnam,ARE,United Arab Emirates,2020,Export,3916799.529
VNM,Vietnam,ARE,United Arab Emirates,2019,Export,4785303.282
VNM,Vietnam,AGO,Angola,2020,Export,19254.629
VNM,Vietnam,AGO,Angola,2019,Export,42685.244
VNM,Vietnam,LUX,Luxembourg,2015,Export,40184.309
VNM,Vietnam,LTU,Lithuania,2016,Export,48345.055
VNM,Vietnam,LTU,Lithuania,2015,Export,37772.201
VNM,Vietnam,LSO,Lesotho,2016,Export,11649.577
VNM,Vietnam,LSO,Lesotho,2015,Export,16110.64
VNM,Vietnam,LKA,Sri Lanka,2016,Export,186731.887
VNM,Vietnam,AUS,Australia,2020,Export,3622276.263
VNM,Vietnam,LKA,Sri Lanka,2015,Export,192441.62
VNM,Vietnam,BRN,Brunei,2020,Export,16457.246
VNM,Vietnam,CAN,Canada,2020,Export,4358867.171
VNM,Vietnam,DZA,Algeria,2020,Export,148083.766
VNM,Vietnam,DZA,Algeria,2019,Export,187035.947
VNM,Vietnam,DOM,Dominican Republic,2020,Export,61863.256
VNM,Vietnam,DOM,Dominican Republic,2019,Export,83187.446
VNM,Vietnam,DNK,Denmark,2020,Export,295003.773
VNM,Vietnam,DNK,Denmark,2019,Export,336735.438
VNM,Vietnam,DEU,Germany,2020,Export,6638896.626
VNM,Vietnam,DEU,Germany,2019,Export,6560243.273
VNM,Vietnam,CZE,Czech Republic,2020,Export,425653.573
VNM,Vietnam,CZE,Czech Republic,2019,Export,207829.821
VNM,Vietnam,CYP,Cyprus,2020,Export,38075.654
VNM,Vietnam,CYP,Cyprus,2019,Export,36868.285
VNM,Vietnam,CRI,Costa Rica,2020,Export,110535.824
VNM,Vietnam,CAN,Canada,2019,Export,3967143.95
VNM,Vietnam,CRI,Costa Rica,2019,Export,102764.499
VNM,Vietnam,COL,Colombia,2019,Export,492448.104
VNM,Vietnam,COG,"Congo, Rep.",2020,Export,5086.624
VNM,Vietnam,COG,"Congo, Rep.",2019,Export,19527.34
VNM,Vietnam,CMR,Cameroon,2020,Export,24670.634
VNM,Vietnam,CMR,Cameroon,2019,Export,43646.259
VNM,Vietnam,CIV,Cote d'Ivoire,2020,Export,266910.265
VNM,Vietnam,CIV,Cote d'Ivoire,2019,Export,272995.752
VNM,Vietnam,CHN,China,2020,Export,48879761.9
VNM,Vietnam,CHN,China,2019,Export,41434238.02
VNM,Vietnam,CHL,Chile,2020,Export,1017951.287
VNM,Vietnam,CHL,Chile,2019,Export,942181.133
VNM,Vietnam,CHE,Switzerland,2020,Export,269394.017
VNM,Vietnam,CHE,Switzerland,2019,Export,1561706.27
VNM,Vietnam,COL,Colombia,2020,Export,460337.479
VNM,Vietnam,LBY,Libya,2016,Export,19935.213
VNM,Vietnam,LBY,Libya,2015,Export,32560.242
VNM,Vietnam,LBR,Liberia,2016,Export,36253.024
VNM,Vietnam,AUS,Australia,1998,Export,40489
VNM,Vietnam,AUS,Australia,1999,Export,814547.008
VNM,Vietnam,AUT,Austria,1997,Export,11444
VNM,Vietnam,AUT,Austria,1998,Export,241194
VNM,Vietnam,AUT,Austria,1999,Export,34925
VNM,Vietnam,AZE,Azerbaijan,1997,Export,76
VNM,Vietnam,AZE,Azerbaijan,1999,Export,12
VNM,Vietnam,BDI,Burundi,1997,Export,121
VNM,Vietnam,BDI,Burundi,1999,Export,175
VNM,Vietnam,BEL,Belgium,1999,Export,306692
VNM,Vietnam,BEN,Benin,1997,Export,31
VNM,Vietnam,BEN,Benin,1998,Export,22
VNM,Vietnam,BEN,Benin,1999,Export,803
VNM,Vietnam,AUS,Australia,1997,Export,230432.992
VNM,Vietnam,BGD,Bangladesh,1997,Export,6065
VNM,Vietnam,BGD,Bangladesh,1999,Export,14577
VNM,Vietnam,BGR,Bulgaria,1997,Export,14247
VNM,Vietnam,BGR,Bulgaria,1998,Export,15729
VNM,Vietnam,BGR,Bulgaria,1999,Export,13575
VNM,Vietnam,BHR,Bahrain,1997,Export,17
VNM,Vietnam,BHR,Bahrain,1999,Export,223
VNM,Vietnam,BHS,"Bahamas, The",1997,Export,124
VNM,Vietnam,BHS,"Bahamas, The",1999,Export,121
VNM,Vietnam,BIH,Bosnia and Herzegovina,1997,Export,242
VNM,Vietnam,BIH,Bosnia and Herzegovina,1998,Export,6
VNM,Vietnam,BIH,Bosnia and Herzegovina,1999,Export,119
VNM,Vietnam,BLR,Belarus,1997,Export,636
VNM,Vietnam,BLR,Belarus,1999,Export,659
VNM,Vietnam,BGD,Bangladesh,1998,Export,13677
VNM,Vietnam,ARM,Armenia,1997,Export,3129
VNM,Vietnam,ARG,Argentina,1999,Export,8063
VNM,Vietnam,ARG,Argentina,1998,Export,9763
VNM,Vietnam,LBR,Liberia,2015,Export,98450.204
VNM,Vietnam,LBN,Lebanon,2016,Export,60374.167
VNM,Vietnam,LBN,Lebanon,2015,Export,57203.898
VNM,Vietnam,LAO,Lao PDR,2016,Export,477757.435
VNM,Vietnam,LAO,Lao PDR,2015,Export,523310.656
VNM,Vietnam,KWT,Kuwait,2016,Export,73260.714
VNM,Vietnam,KWT,Kuwait,2015,Export,88173.78
VNM,Vietnam,KOR,"Korea, Rep.",2016,Export,11406058.03
VNM,Vietnam,KOR,"Korea, Rep.",2015,Export,8915383.866
VNM,Vietnam,KIR,Kiribati,2016,Export,6045.969
VNM,Vietnam,KIR,Kiribati,2015,Export,1537.086
VNM,Vietnam,KHM,Cambodia,2016,Export,2199398.047
VNM,Vietnam,KHM,Cambodia,2015,Export,2395221.415
VNM,Vietnam,KEN,Kenya,2016,Export,58315.246
VNM,Vietnam,KEN,Kenya,2015,Export,34490.949
VNM,Vietnam,ABW,Aruba,1997,Export,114
VNM,Vietnam,ABW,Aruba,1998,Export,53
VNM,Vietnam,ABW,Aruba,1999,Export,1560
VNM,Vietnam,AFG,Afghanistan,1997,Export,45
VNM,Vietnam,AFG,Afghanistan,1998,Export,383
VNM,Vietnam,AGO,Angola,1997,Export,1721
VNM,Vietnam,AGO,Angola,1998,Export,4189
VNM,Vietnam,AGO,Angola,1999,Export,6737
VNM,Vietnam,ALB,Albania,1999,Export,489
VNM,Vietnam,ANT,Netherlands Antilles,1998,Export,8260
VNM,Vietnam,ARE,United Arab Emirates,1997,Export,477
VNM,Vietnam,ARE,United Arab Emirates,1998,Export,322691.008
VNM,Vietnam,ARE,United Arab Emirates,1999,Export,19946
VNM,Vietnam,ARG,Argentina,1997,Export,5505
VNM,Vietnam,ECU,Ecuador,2019,Export,95060.282
VNM,Vietnam,POL,Poland,2016,Export,597612.62
VNM,Vietnam,ECU,Ecuador,2020,Export,112647.028
VNM,Vietnam,EGY,"Egypt, Arab Rep.",2020,Export,447233.21
VNM,Vietnam,MRT,Mauritania,2016,Export,11000.678
VNM,Vietnam,MRT,Mauritania,2015,Export,9285.399
VNM,Vietnam,MOZ,Mozambique,2016,Export,72292.754
VNM,Vietnam,MOZ,Mozambique,2015,Export,59580.391
VNM,Vietnam,MNP,Northern Mariana Islands,2015,Export,28825.227
VNM,Vietnam,MNG,Mongolia,2016,Export,19073.377
VNM,Vietnam,MNG,Mongolia,2015,Export,13156.273
VNM,Vietnam,MMR,Myanmar,2016,Export,461627.013
VNM,Vietnam,MMR,Myanmar,2015,Export,375723.829
VNM,Vietnam,MLT,Malta,2016,Export,72725.371
VNM,Vietnam,MLT,Malta,2015,Export,95686.837
VNM,Vietnam,MLI,Mali,2016,Export,4691.235
VNM,Vietnam,MLI,Mali,2015,Export,1312.889
VNM,Vietnam,MUS,Mauritius,2015,Export,112049.33
VNM,Vietnam,MEX,Mexico,2016,Export,1888365.83
VNM,Vietnam,MDV,Maldives,2016,Export,9655.31
VNM,Vietnam,MDG,Madagascar,2016,Export,12021.804
VNM,Vietnam,MDG,Madagascar,2015,Export,15678.065
VNM,Vietnam,MAR,Morocco,2016,Export,175812.44
VNM,Vietnam,MAR,Morocco,2015,Export,145986.327
VNM,Vietnam,MAC,Macao,2016,Export,8030.886
VNM,Vietnam,MAC,Macao,2015,Export,22475.052
VNM,Vietnam,LVA,Latvia,2016,Export,152301.641
VNM,Vietnam,LVA,Latvia,2015,Export,138564.722
VNM,Vietnam,LUX,Luxembourg,2016,Export,31624.137
VNM,Vietnam,MYS,Malaysia,2020,Export,3387832.901
VNM,Vietnam,MYS,Malaysia,2019,Export,3789343.112
VNM,Vietnam,MOZ,Mozambique,2020,Export,53462.392
VNM,Vietnam,MEX,Mexico,2015,Export,1545548.003
VNM,Vietnam,MOZ,Mozambique,2019,Export,63354.829
VNM,Vietnam,MUS,Mauritius,2016,Export,29939.989
VNM,Vietnam,MYS,Malaysia,2016,Export,3341986.325
VNM,Vietnam,PNG,Papua New Guinea,2016,Export,129223.526
VNM,Vietnam,PNG,Papua New Guinea,2015,Export,126691.03
VNM,Vietnam,PHL,Philippines,2016,Export,2219874.629
VNM,Vietnam,PHL,Philippines,2015,Export,2016400.548
VNM,Vietnam,PER,Peru,2016,Export,277474.58
VNM,Vietnam,PER,Peru,2015,Export,238235.113
VNM,Vietnam,PAN,Panama,2016,Export,259531.613
VNM,Vietnam,PAN,Panama,2015,Export,268848.827
VNM,Vietnam,PAK,Pakistan,2016,Export,435625.446
VNM,Vietnam,PAK,Pakistan,2015,Export,419749.951
VNM,Vietnam,OMN,Oman,2016,Export,28864.607
VNM,Vietnam,OMN,Oman,2015,Export,33246.311
VNM,Vietnam,OAS,"Other Asia, nes",2016,Export,2272039.957
VNM,Vietnam,MYS,Malaysia,2015,Export,3577076.596
VNM,Vietnam,OAS,"Other Asia, nes",2015,Export,2076425.109
VNM,Vietnam,NZL,New Zealand,2015,Export,324986.556
VNM,Vietnam,NPL,Nepal,2016,Export,33714.925
VNM,Vietnam,NPL,Nepal,2015,Export,24241.142
VNM,Vietnam,NOR,Norway,2016,Export,117747.723
VNM,Vietnam,NOR,Norway,2015,Export,103406.256
VNM,Vietnam,NLD,Netherlands,2016,Export,6011626.552
VNM,Vietnam,NLD,Netherlands,2015,Export,4759559.991
VNM,Vietnam,NIC,Nicaragua,2016,Export,22594.323
VNM,Vietnam,NIC,Nicaragua,2015,Export,16454.332
VNM,Vietnam,NGA,Nigeria,2016,Export,71353.128
VNM,Vietnam,NGA,Nigeria,2015,Export,112998.276
VNM,Vietnam,NCL,New Caledonia,2015,Export,9958.345
VNM,Vietnam,NAM,Namibia,2015,Export,1596.402
VNM,Vietnam,NZL,New Zealand,2016,Export,359910.905
VNM,Vietnam,MMR,Myanmar,2020,Export,633261.187
VNM,Vietnam,MMR,Myanmar,2019,Export,721494.365
VNM,Vietnam,MLT,Malta,2020,Export,14079.607
VNM,Vietnam,IRQ,Iraq,2020,Export,298687.69
VNM,Vietnam,IRQ,Iraq,2019,Export,382012.484
VNM,Vietnam,IRL,Ireland,2020,Export,172679.001
VNM,Vietnam,IRL,Ireland,2019,Export,147907.703
VNM,Vietnam,IND,India,2020,Export,5234076.827
VNM,Vietnam,IND,India,2019,Export,6675949.032
VNM,Vietnam,IDN,Indonesia,2020,Export,2823619.834
VNM,Vietnam,IDN,Indonesia,2019,Export,3369982.786
VNM,Vietnam,HUN,Hungary,2020,Export,925032.812
VNM,Vietnam,HUN,Hungary,2019,Export,408226.463
VNM,Vietnam,HRV,Croatia,2020,Export,50414.029
VNM,Vietnam,HRV,Croatia,2019,Export,84131.911
VNM,Vietnam,HKG,"Hong Kong, China",2020,Export,10435730.6
VNM,Vietnam,ISL,Iceland,2019,Export,8299.221
VNM,Vietnam,HKG,"Hong Kong, China",2019,Export,7161561.215
VNM,Vietnam,GRC,Greece,2019,Export,272476.121
VNM,Vietnam,GHA,Ghana,2020,Export,363464.761
VNM,Vietnam,GHA,Ghana,2019,Export,271657.171
VNM,Vietnam,GBR,United Kingdom,2020,Export,4951457.261
VNM,Vietnam,GBR,United Kingdom,2019,Export,5760277.924
VNM,Vietnam,FRA,France,2020,Export,3262023.202
VNM,Vietnam,FRA,France,2019,Export,3705665.613
VNM,Vietnam,FIN,Finland,2020,Export,140794.183
VNM,Vietnam,FIN,Finland,2019,Export,119549.202
VNM,Vietnam,EST,Estonia,2020,Export,48865.981
VNM,Vietnam,EST,Estonia,2019,Export,31898.525
VNM,Vietnam,ESP,Spain,2020,Export,2129146.757
VNM,Vietnam,ESP,Spain,2019,Export,2707380.043
VNM,Vietnam,GRC,Greece,2020,Export,259099.817
VNM,Vietnam,ISL,Iceland,2020,Export,2929.955
VNM,Vietnam,ISR,Israel,2019,Export,774298.811
VNM,Vietnam,ISR,Israel,2020,Export,683230.099
VNM,Vietnam,MLT,Malta,2019,Export,10185.393
VNM,Vietnam,MEX,Mexico,2020,Export,3157097.247
VNM,Vietnam,MEX,Mexico,2019,Export,2829015.252
VNM,Vietnam,MAR,Morocco,2020,Export,160397.942
VNM,Vietnam,MAR,Morocco,2019,Export,195597.45
VNM,Vietnam,LVA,Latvia,2020,Export,209926.025
VNM,Vietnam,LVA,Latvia,2019,Export,204511.693
VNM,Vietnam,LUX,Luxembourg,2020,Export,64895.55
VNM,Vietnam,LUX,Luxembourg,2019,Export,51030.694
VNM,Vietnam,LTU,Lithuania,2020,Export,104306.159
VNM,Vietnam,LTU,Lithuania,2019,Export,117461.994
VNM,Vietnam,LKA,Sri Lanka,2020,Export,214600.094
VNM,Vietnam,LKA,Sri Lanka,2019,Export,248770.34
VNM,Vietnam,LAO,Lao PDR,2020,Export,569114.514
VNM,Vietnam,LAO,Lao PDR,2019,Export,702545.475
VNM,Vietnam,KWT,Kuwait,2020,Export,62990.965
VNM,Vietnam,KWT,Kuwait,2019,Export,61657.661
VNM,Vietnam,KOR,"Korea, Rep.",2020,Export,19125191.2
VNM,Vietnam,KOR,"Korea, Rep.",2019,Export,19729245.46
VNM,Vietnam,KHM,Cambodia,2020,Export,4221095.952
VNM,Vietnam,KHM,Cambodia,2019,Export,4311011.85
VNM,Vietnam,KEN,Kenya,2020,Export,91811.732
VNM,Vietnam,KEN,Kenya,2019,Export,38140.118
VNM,Vietnam,KAZ,Kazakhstan,2020,Export,262562.836
VNM,Vietnam,KAZ,Kazakhstan,2019,Export,241235.685
VNM,Vietnam,JPN,Japan,2020,Export,19269479.1
VNM,Vietnam,JPN,Japan,2019,Export,20426601.61
VNM,Vietnam,ITA,Italy,2020,Export,3102293.468
VNM,Vietnam,ITA,Italy,2019,Export,3439949.265
VNM,Vietnam,EGY,"Egypt, Arab Rep.",2019,Export,458520.262
VNM,Vietnam,BEN,Benin,2001,Export,245.393
VNM,Vietnam,TUR,Turkey,2002,Export,23566.38
VNM,Vietnam,BFA,Burkina Faso,2000,Export,160
VNM,Vietnam,PRY,Paraguay,2017,Export,38739.221
VNM,Vietnam,PRY,Paraguay,2018,Export,24861.069
VNM,Vietnam,QAT,Qatar,2017,Export,52839.169
VNM,Vietnam,QAT,Qatar,2018,Export,79836.993
VNM,Vietnam,ROM,Romania,2017,Export,119562.997
VNM,Vietnam,ROM,Romania,2018,Export,146825.029
VNM,Vietnam,PRT,Portugal,2018,Export,398619.646
VNM,Vietnam,RUS,Russian Federation,2017,Export,2165650.058
VNM,Vietnam,SAU,Saudi Arabia,2017,Export,431924.435
VNM,Vietnam,SAU,Saudi Arabia,2018,Export,332498.513
VNM,Vietnam,SEN,Senegal,2017,Export,38643.655
VNM,Vietnam,SEN,Senegal,2018,Export,25860.051
VNM,Vietnam,SER,"Serbia, FR(Serbia/Montenegro)",2017,Export,11797.448
VNM,Vietnam,SGP,Singapore,2017,Export,2979172.32
VNM,Vietnam,RUS,Russian Federation,2018,Export,2446399.703
VNM,Vietnam,PRT,Portugal,2017,Export,330621.499
VNM,Vietnam,POL,Poland,2018,Export,1334961.738
VNM,Vietnam,POL,Poland,2017,Export,774505.357
VNM,Vietnam,NPL,Nepal,2017,Export,44127.476
VNM,Vietnam,NZL,New Zealand,2017,Export,457240.053
VNM,Vietnam,NZL,New Zealand,2018,Export,504180.668
VNM,Vietnam,OAS,"Other Asia, nes",2017,Export,2568268.6
VNM,Vietnam,OAS,"Other Asia, nes",2018,Export,3151439.85
VNM,Vietnam,OMN,Oman,2017,Export,40852.957
VNM,Vietnam,PAK,Pakistan,2017,Export,494681.855
VNM,Vietnam,PAK,Pakistan,2018,Export,403741.938
VNM,Vietnam,PAN,Panama,2017,Export,325012.085
VNM,Vietnam,PAN,Panama,2018,Export,265019.412
VNM,Vietnam,PER,Peru,2017,Export,330439.014
VNM,Vietnam,PER,Peru,2018,Export,250166.286
VNM,Vietnam,PHL,Philippines,2017,Export,2833417.324
VNM,Vietnam,PHL,Philippines,2018,Export,3464941.934
VNM,Vietnam,PNG,Papua New Guinea,2017,Export,255508.607
VNM,Vietnam,SGP,Singapore,2018,Export,3195876.74
VNM,Vietnam,NOR,Norway,2018,Export,115070.008
VNM,Vietnam,SLB,Solomon Islands,2017,Export,16794.232
VNM,Vietnam,SLV,El Salvador,2017,Export,32448.187
VNM,Vietnam,TZA,Tanzania,2017,Export,29014.13
VNM,Vietnam,TZA,Tanzania,2018,Export,50656.123
VNM,Vietnam,UGA,Uganda,2018,Export,3184.763
VNM,Vietnam,UKR,Ukraine,2017,Export,246108.057
VNM,Vietnam,UKR,Ukraine,2018,Export,251699.593
VNM,Vietnam,UNS,Unspecified,2017,Export,2365339.225
VNM,Vietnam,TUR,Turkey,2018,Export,1413135.899
VNM,Vietnam,UNS,Unspecified,2018,Export,3726026.689
VNM,Vietnam,URY,Uruguay,2018,Export,54349.135
VNM,Vietnam,USA,United States,2017,Export,41549714.67
VNM,Vietnam,USA,United States,2018,Export,47580105.78
VNM,Vietnam,UZB,Uzbekistan,2017,Export,8354.71
VNM,Vietnam,UZB,Uzbekistan,2018,Export,24786.862
VNM,Vietnam,VEN,Venezuela,2017,Export,19987.633
VNM,Vietnam,URY,Uruguay,2017,Export,69632.922
VNM,Vietnam,TUR,Turkey,2017,Export,1901763.844
VNM,Vietnam,TUN,Tunisia,2018,Export,38177.272
VNM,Vietnam,TUN,Tunisia,2017,Export,39691.804
VNM,Vietnam,SUD,Sudan,2017,Export,37379.644
VNM,Vietnam,SUR,Suriname,2017,Export,1744.464
VNM,Vietnam,SVK,Slovak Republic,2017,Export,703322.243
VNM,Vietnam,SVK,Slovak Republic,2018,Export,1028174.942
VNM,Vietnam,SVN,Slovenia,2017,Export,286203.515
VNM,Vietnam,SVN,Slovenia,2018,Export,291472.842
VNM,Vietnam,SWE,Sweden,2017,Export,970572.121
VNM,Vietnam,SWE,Sweden,2018,Export,1157248.464
VNM,Vietnam,SYR,Syrian Arab Republic,2017,Export,40922.209
VNM,Vietnam,TGO,Togo,2017,Export,92835.072
VNM,Vietnam,TGO,Togo,2018,Export,111222.852
VNM,Vietnam,THA,Thailand,2017,Export,4800868.768
VNM,Vietnam,THA,Thailand,2018,Export,5267503.719
VNM,Vietnam,TMP,East Timor,2017,Export,23968.464
VNM,Vietnam,TTO,Trinidad and Tobago,2017,Export,7985.487
VNM,Vietnam,SLE,Sierra Leone,2017,Export,18521.988
VNM,Vietnam,NOR,Norway,2017,Export,115364.744
VNM,Vietnam,NLD,Netherlands,2018,Export,7085098.926
VNM,Vietnam,NLD,Netherlands,2017,Export,7098906.923
VNM,Vietnam,ITA,Italy,2017,Export,2734907.503
VNM,Vietnam,ITA,Italy,2018,Export,2890292.66
VNM,Vietnam,JAM,Jamaica,2017,Export,11903.503
VNM,Vietnam,JOR,Jordan,2017,Export,117123.416
VNM,Vietnam,JPN,Japan,2017,Export,16792127.68
VNM,Vietnam,JPN,Japan,2018,Export,18833674.92
VNM,Vietnam,ISR,Israel,2018,Export,779841.909
VNM,Vietnam,KAZ,Kazakhstan,2017,Export,201458.806
VNM,Vietnam,KEN,Kenya,2017,Export,33741.27
VNM,Vietnam,KEN,Kenya,2018,Export,39278.109
VNM,Vietnam,KHM,Cambodia,2017,Export,2762308.78
VNM,Vietnam,KHM,Cambodia,2018,Export,3791860.146
VNM,Vietnam,KIR,Kiribati,2017,Export,6044.068
VNM,Vietnam,KOR,"Korea, Rep.",2017,Export,14807156.03
VNM,Vietnam,KAZ,Kazakhstan,2018,Export,209358.771
VNM,Vietnam,ISR,Israel,2017,Export,711419.294
VNM,Vietnam,ISL,Iceland,2018,Export,4326.741
VNM,Vietnam,IRQ,Iraq,2018,Export,379157.201
VNM,Vietnam,GTM,Guatemala,2017,Export,91868.996
VNM,Vietnam,HKG,"Hong Kong, China",2017,Export,7574306.659
VNM,Vietnam,HKG,"Hong Kong, China",2018,Export,7957597.077
VNM,Vietnam,HND,Honduras,2017,Export,20103.883
VNM,Vietnam,HRV,Croatia,2017,Export,60586.625
VNM,Vietnam,HRV,Croatia,2018,Export,77205.899
VNM,Vietnam,HTI,Haiti,2017,Export,23167.93
VNM,Vietnam,HUN,Hungary,2017,Export,206581.791
VNM,Vietnam,HUN,Hungary,2018,Export,401168.028
VNM,Vietnam,IDN,Indonesia,2017,Export,2858867.978
VNM,Vietnam,IDN,Indonesia,2018,Export,3533690.964
VNM,Vietnam,IND,India,2017,Export,3756251.065
VNM,Vietnam,IND,India,2018,Export,6543813.993
VNM,Vietnam,IRL,Ireland,2017,Export,107994.901
VNM,Vietnam,IRL,Ireland,2018,Export,147232.089
VNM,Vietnam,KOR,"Korea, Rep.",2018,Export,18240594.87
VNM,Vietnam,KWT,Kuwait,2017,Export,62369.206
VNM,Vietnam,KWT,Kuwait,2018,Export,77051.421
VNM,Vietnam,LAO,Lao PDR,2017,Export,518346.36
VNM,Vietnam,MLI,Mali,2017,Export,30512.813
VNM,Vietnam,MLT,Malta,2017,Export,12825.29
VNM,Vietnam,MLT,Malta,2018,Export,74478.025
VNM,Vietnam,MMR,Myanmar,2017,Export,701397.285
VNM,Vietnam,MMR,Myanmar,2018,Export,702069.961
VNM,Vietnam,MNG,Mongolia,2017,Export,14405.847
VNM,Vietnam,MOZ,Mozambique,2017,Export,71943.834
VNM,Vietnam,MOZ,Mozambique,2018,Export,64916.366
VNM,Vietnam,MRT,Mauritania,2017,Export,3296.898
VNM,Vietnam,MUS,Mauritius,2017,Export,31515.077
VNM,Vietnam,MYS,Malaysia,2017,Export,4204340.139
VNM,Vietnam,MYS,Malaysia,2018,Export,4064629.59
VNM,Vietnam,NGA,Nigeria,2017,Export,63771.875
VNM,Vietnam,NGA,Nigeria,2018,Export,115451.429
VNM,Vietnam,NIC,Nicaragua,2017,Export,21795.351
VNM,Vietnam,MHL,Marshall Islands,2017,Export,1314.383
VNM,Vietnam,VEN,Venezuela,2018,Export,20774.981
VNM,Vietnam,MEX,Mexico,2018,Export,2239575.585
VNM,Vietnam,MDG,Madagascar,2017,Export,8487.721
VNM,Vietnam,LAO,Lao PDR,2018,Export,595202.779
VNM,Vietnam,LBN,Lebanon,2017,Export,68988.21
VNM,Vietnam,LBR,Liberia,2017,Export,36742.272
VNM,Vietnam,LBY,Libya,2017,Export,18386.64
VNM,Vietnam,LKA,Sri Lanka,2017,Export,224826.302
VNM,Vietnam,LKA,Sri Lanka,2018,Export,204217.653
VNM,Vietnam,LTU,Lithuania,2017,Export,60214.626
VNM,Vietnam,LTU,Lithuania,2018,Export,68855.72
VNM,Vietnam,LUX,Luxembourg,2017,Export,35792.281
VNM,Vietnam,LUX,Luxembourg,2018,Export,93042.509
VNM,Vietnam,LVA,Latvia,2017,Export,157980.452
VNM,Vietnam,LVA,Latvia,2018,Export,178126.967
VNM,Vietnam,MAC,Macao,2017,Export,5933.005
VNM,Vietnam,MAR,Morocco,2017,Export,155555.966
VNM,Vietnam,MAR,Morocco,2018,Export,185920.904
VNM,Vietnam,MEX,Mexico,2017,Export,2338388.981
VNM,Vietnam,VUT,Vanuatu,2017,Export,12458.287
VNM,Vietnam,WLD, World,2017,Export,215118607
VNM,Vietnam,WLD, World,2018,Export,243698698.3
VNM,Vietnam,CIV,Cote d'Ivoire,2009,Export,144301.942
VNM,Vietnam,CIV,Cote d'Ivoire,2010,Export,134336.821
VNM,Vietnam,CIV,Cote d'Ivoire,2011,Export,146524.509
VNM,Vietnam,CMR,Cameroon,2009,Export,32452.064
VNM,Vietnam,CMR,Cameroon,2010,Export,33658.285
VNM,Vietnam,CMR,Cameroon,2011,Export,78150.378
VNM,Vietnam,CHN,China,2011,Export,11613323.63
VNM,Vietnam,COG,"Congo, Rep.",2009,Export,30225.151
VNM,Vietnam,COG,"Congo, Rep.",2011,Export,45649.692
VNM,Vietnam,COL,Colombia,2009,Export,46201.49
VNM,Vietnam,COL,Colombia,2010,Export,71884.056
VNM,Vietnam,COL,Colombia,2011,Export,99775.166
VNM,Vietnam,COM,Comoros,2010,Export,5475.413
VNM,Vietnam,CRI,Costa Rica,2009,Export,8919.667
VNM,Vietnam,COG,"Congo, Rep.",2010,Export,34493.006
VNM,Vietnam,CHN,China,2010,Export,7742949.838
VNM,Vietnam,CHN,China,2009,Export,5402978.312
VNM,Vietnam,CHL,Chile,2011,Export,137535.297
VNM,Vietnam,BOL,Bolivia,2010,Export,2564.187
VNM,Vietnam,BRA,Brazil,2009,Export,199951.345
VNM,Vietnam,BRA,Brazil,2010,Export,492783.653
VNM,Vietnam,BRA,Brazil,2011,Export,597892.088
VNM,Vietnam,BRN,Brunei,2009,Export,7689.675
VNM,Vietnam,BRN,Brunei,2010,Export,14235.235
VNM,Vietnam,BRN,Brunei,2011,Export,15362.291
VNM,Vietnam,CAN,Canada,2009,Export,638506.285
VNM,Vietnam,CAN,Canada,2010,Export,802057.71
VNM,Vietnam,CAN,Canada,2011,Export,969408.587
VNM,Vietnam,CHE,Switzerland,2009,Export,2499717.314
VNM,Vietnam,CHE,Switzerland,2010,Export,2651988.034
VNM,Vietnam,CHE,Switzerland,2011,Export,1188502.641
VNM,Vietnam,CHL,Chile,2009,Export,110520.138
VNM,Vietnam,CHL,Chile,2010,Export,94099.25
VNM,Vietnam,CRI,Costa Rica,2010,Export,12048.919
VNM,Vietnam,CRI,Costa Rica,2011,Export,14882.89
VNM,Vietnam,CUB,Cuba,2009,Export,240725.557
VNM,Vietnam,CUB,Cuba,2010,Export,251250.131
VNM,Vietnam,DZA,Algeria,2009,Export,81586.871
VNM,Vietnam,DZA,Algeria,2010,Export,75814.709
VNM,Vietnam,DZA,Algeria,2011,Export,100412.725
VNM,Vietnam,ECU,Ecuador,2009,Export,50525.569
VNM,Vietnam,ECU,Ecuador,2010,Export,65678.18
VNM,Vietnam,ECU,Ecuador,2011,Export,64097.941
VNM,Vietnam,EGY,"Egypt, Arab Rep.",2009,Export,162668.649
VNM,Vietnam,EGY,"Egypt, Arab Rep.",2010,Export,174643.51
VNM,Vietnam,EGY,"Egypt, Arab Rep.",2011,Export,256294.222
VNM,Vietnam,ERI,Eritrea,2010,Export,5526.229
VNM,Vietnam,ESP,Spain,2009,Export,939901.09
VNM,Vietnam,ESP,Spain,2010,Export,1110791.719
VNM,Vietnam,ESP,Spain,2011,Export,1554719.724
VNM,Vietnam,EST,Estonia,2009,Export,8868.785
VNM,Vietnam,EST,Estonia,2010,Export,6643.462
VNM,Vietnam,DOM,Dominican Republic,2011,Export,24227.294
VNM,Vietnam,BLR,Belarus,2011,Export,11186.644
VNM,Vietnam,DOM,Dominican Republic,2010,Export,14149.656
VNM,Vietnam,DNK,Denmark,2011,Export,271457.216
VNM,Vietnam,CYP,Cyprus,2009,Export,11957.848
VNM,Vietnam,CYP,Cyprus,2010,Export,13921.338
VNM,Vietnam,CYP,Cyprus,2011,Export,19332.614
VNM,Vietnam,CZE,Czech Republic,2009,Export,119948.306
VNM,Vietnam,CZE,Czech Republic,2010,Export,134911.742
VNM,Vietnam,CZE,Czech Republic,2011,Export,183296.637
VNM,Vietnam,DEU,Germany,2009,Export,1885408.652
VNM,Vietnam,DEU,Germany,2010,Export,2372735.596
VNM,Vietnam,DEU,Germany,2011,Export,3366900.508
VNM,Vietnam,DJI,Djibouti,2010,Export,3889.854
VNM,Vietnam,DMA,Dominica,2009,Export,14130.764
VNM,Vietnam,DMA,Dominica,2010,Export,17130.227
VNM,Vietnam,DMA,Dominica,2011,Export,19987.86
VNM,Vietnam,DNK,Denmark,2009,Export,165575.067
VNM,Vietnam,DNK,Denmark,2010,Export,195018.454
VNM,Vietnam,DOM,Dominican Republic,2009,Export,13348.79
VNM,Vietnam,GRC,Greece,2018,Export,251783.616
VNM,Vietnam,BLR,Belarus,2010,Export,14323.293
VNM,Vietnam,BHS,"Bahamas, The",2011,Export,6182.287
VNM,Vietnam,NGA,Nigeria,2007,Export,34112.234
VNM,Vietnam,NGA,Nigeria,2006,Export,32956.928
VNM,Vietnam,NER,Niger,2008,Export,4171.785
VNM,Vietnam,NER,Niger,2007,Export,1288.864
VNM,Vietnam,NER,Niger,2006,Export,2905.47
VNM,Vietnam,NCL,New Caledonia,2008,Export,3823.19
VNM,Vietnam,NGA,Nigeria,2008,Export,64179.932
VNM,Vietnam,NCL,New Caledonia,2007,Export,1510.142
VNM,Vietnam,NAM,Namibia,2007,Export,1640.809
VNM,Vietnam,NAM,Namibia,2006,Export,499.111
VNM,Vietnam,MYS,Malaysia,2008,Export,2030402.425
VNM,Vietnam,MYS,Malaysia,2007,Export,1554974.014
VNM,Vietnam,MYS,Malaysia,2006,Export,1216589.602
VNM,Vietnam,MWI,Malawi,2006,Export,271.938
VNM,Vietnam,NCL,New Caledonia,2006,Export,2111.527
VNM,Vietnam,NIC,Nicaragua,2006,Export,1795.12
VNM,Vietnam,NIC,Nicaragua,2007,Export,2639.819
VNM,Vietnam,NIC,Nicaragua,2008,Export,2503.912
VNM,Vietnam,YEM,Yemen,2017,Export,24812.11
VNM,Vietnam,ZAF,South Africa,2017,Export,750597.503
VNM,Vietnam,ZAF,South Africa,2018,Export,724456.247
VNM,Vietnam,ZAR,"Congo, Dem. Rep.",2017,Export,15438.167
VNM,Vietnam,ZMB,Zambia,2017,Export,2940.926
VNM,Vietnam,ZWE,Zimbabwe,2017,Export,12561.856
VNM,Vietnam,NPL,Nepal,2007,Export,1419.795
VNM,Vietnam,NPL,Nepal,2006,Export,1365.466
VNM,Vietnam,NOR,Norway,2008,Export,93780.535
VNM,Vietnam,NOR,Norway,2007,Export,49149.307
VNM,Vietnam,NOR,Norway,2006,Export,38060.833
VNM,Vietnam,NLD,Netherlands,2008,Export,1577431.748
VNM,Vietnam,NLD,Netherlands,2007,Export,1182131.717
VNM,Vietnam,NLD,Netherlands,2006,Export,857431.1
VNM,Vietnam,NIU,Niue,2006,Export,21.738
VNM,Vietnam,MOZ,Mozambique,2008,Export,25357.305
VNM,Vietnam,MOZ,Mozambique,2007,Export,10869.325
VNM,Vietnam,MOZ,Mozambique,2006,Export,10076.752
VNM,Vietnam,MNG,Mongolia,2008,Export,7463.268
VNM,Vietnam,MDV,Maldives,2006,Export,729.367
VNM,Vietnam,MDG,Madagascar,2008,Export,9847.166
VNM,Vietnam,BEN,Benin,2011,Export,15621.992
VNM,Vietnam,BFA,Burkina Faso,2010,Export,6360.572
VNM,Vietnam,BFA,Burkina Faso,2011,Export,995.6
VNM,Vietnam,BGD,Bangladesh,2009,Export,59575.669
VNM,Vietnam,BGD,Bangladesh,2010,Export,256130.234
VNM,Vietnam,BGD,Bangladesh,2011,Export,445237.106
VNM,Vietnam,BGR,Bulgaria,2009,Export,41348.336
VNM,Vietnam,BGR,Bulgaria,2010,Export,36913.319
VNM,Vietnam,BGR,Bulgaria,2011,Export,26857.382
VNM,Vietnam,BHR,Bahrain,2009,Export,3527.931
VNM,Vietnam,BHR,Bahrain,2010,Export,5569.44
VNM,Vietnam,BHR,Bahrain,2011,Export,7431.61
VNM,Vietnam,BHS,"Bahamas, The",2010,Export,2043.233
VNM,Vietnam,MDV,Maldives,2007,Export,502.169
VNM,Vietnam,BLR,Belarus,2009,Export,8581.176
VNM,Vietnam,MEX,Mexico,2006,Export,285516.776
VNM,Vietnam,MEX,Mexico,2008,Export,436441.894
VNM,Vietnam,MNG,Mongolia,2007,Export,5060.307
VNM,Vietnam,MNG,Mongolia,2006,Export,2991.068
VNM,Vietnam,MMR,Myanmar,2008,Export,32634.653
VNM,Vietnam,MMR,Myanmar,2007,Export,21810.772
VNM,Vietnam,MMR,Myanmar,2006,Export,16464.508
VNM,Vietnam,MLT,Malta,2008,Export,2809.564
VNM,Vietnam,MLT,Malta,2007,Export,1241.498
VNM,Vietnam,MLT,Malta,2006,Export,1926.011
VNM,Vietnam,MLI,Mali,2008,Export,3593.208
VNM,Vietnam,MLI,Mali,2007,Export,6819.334
VNM,Vietnam,MLI,Mali,2006,Export,2880.323
VNM,Vietnam,MKD,North Macedonia,2007,Export,630.601
VNM,Vietnam,MKD,North Macedonia,2006,Export,114.992
VNM,Vietnam,MHL,Marshall Islands,2008,Export,70772.78
VNM,Vietnam,MHL,Marshall Islands,2006,Export,187.976
VNM,Vietnam,MEX,Mexico,2007,Export,360380.726
VNM,Vietnam,GRC,Greece,2017,Export,270303.983
VNM,Vietnam,GNQ,Equatorial Guinea,2017,Export,14336.031
VNM,Vietnam,GNB,Guinea-Bissau,2017,Export,290.029
VNM,Vietnam,TUR,Turkey,2001,Export,11657.422
VNM,Vietnam,ARG,Argentina,2012,Export,166826.584
VNM,Vietnam,TUV,Tuvalu,2002,Export,13.5
VNM,Vietnam,TZA,Tanzania,2000,Export,9270
VNM,Vietnam,TZA,Tanzania,2001,Export,8277.513
VNM,Vietnam,TZA,Tanzania,2002,Export,6074.206
VNM,Vietnam,TUR,Turkey,2000,Export,15660
VNM,Vietnam,UGA,Uganda,2000,Export,188
VNM,Vietnam,UGA,Uganda,2002,Export,112.613
VNM,Vietnam,UKR,Ukraine,2000,Export,23294
VNM,Vietnam,UKR,Ukraine,2001,Export,26052.934
VNM,Vietnam,UKR,Ukraine,2002,Export,30388.363
VNM,Vietnam,UMI,United States Minor Outlying I,2001,Export,116.72
VNM,Vietnam,UMI,United States Minor Outlying I,2002,Export,110.782
VNM,Vietnam,UGA,Uganda,2001,Export,1317.271
VNM,Vietnam,TUN,Tunisia,2002,Export,746.952
VNM,Vietnam,TUN,Tunisia,2001,Export,753.399
VNM,Vietnam,TUN,Tunisia,2000,Export,1780
VNM,Vietnam,TJK,Tajikistan,2001,Export,69.772
VNM,Vietnam,TJK,Tajikistan,2002,Export,44.044
VNM,Vietnam,TKL,Tokelau,2000,Export,594
VNM,Vietnam,TKL,Tokelau,2001,Export,896.858
VNM,Vietnam,TKL,Tokelau,2002,Export,908.192
VNM,Vietnam,TKM,Turkmenistan,2001,Export,5.75
VNM,Vietnam,TKM,Turkmenistan,2002,Export,10.631
VNM,Vietnam,TMP,East Timor,2000,Export,355
VNM,Vietnam,TMP,East Timor,2001,Export,1877.319
VNM,Vietnam,TMP,East Timor,2002,Export,2411.158
VNM,Vietnam,TON,Tonga,2001,Export,20.85
VNM,Vietnam,TON,Tonga,2002,Export,168.99
VNM,Vietnam,TTO,Trinidad and Tobago,2000,Export,124
VNM,Vietnam,TTO,Trinidad and Tobago,2001,Export,1011.297
VNM,Vietnam,TTO,Trinidad and Tobago,2002,Export,117.393
VNM,Vietnam,UNS,Unspecified,2000,Export,90374
VNM,Vietnam,UNS,Unspecified,2001,Export,306373.999
VNM,Vietnam,UNS,Unspecified,2002,Export,106736.068
VNM,Vietnam,URY,Uruguay,2000,Export,1735
VNM,Vietnam,WLD, World,2001,Export,15029192.45
VNM,Vietnam,WLD, World,2002,Export,16706052.54
VNM,Vietnam,WLF,Wallis and Futura Isl.,2002,Export,39.12
VNM,Vietnam,WSM,Samoa,2001,Export,23.087
VNM,Vietnam,WSM,Samoa,2002,Export,52.149
VNM,Vietnam,YEM,Yemen,2000,Export,8005
VNM,Vietnam,YEM,Yemen,2001,Export,9270.238
VNM,Vietnam,YEM,Yemen,2002,Export,235.61
VNM,Vietnam,ZAF,South Africa,2000,Export,25797
VNM,Vietnam,ZAF,South Africa,2001,Export,29129.923
VNM,Vietnam,ZAF,South Africa,2002,Export,15526.171
VNM,Vietnam,ZAR,"Congo, Dem. Rep.",2000,Export,789
VNM,Vietnam,ZAR,"Congo, Dem. Rep.",2001,Export,801.975
VNM,Vietnam,ZAR,"Congo, Dem. Rep.",2002,Export,58.165
VNM,Vietnam,ZMB,Zambia,2000,Export,43
VNM,Vietnam,WLD, World,2000,Export,14482743
VNM,Vietnam,TJK,Tajikistan,2000,Export,134
VNM,Vietnam,VUT,Vanuatu,2002,Export,32.955
VNM,Vietnam,VUT,Vanuatu,2000,Export,681
VNM,Vietnam,URY,Uruguay,2001,Export,1699.058
VNM,Vietnam,URY,Uruguay,2002,Export,930.889
VNM,Vietnam,USA,United States,2000,Export,732954
VNM,Vietnam,USA,United States,2001,Export,1065692.742
VNM,Vietnam,USA,United States,2002,Export,2453229.626
VNM,Vietnam,UZB,Uzbekistan,2000,Export,769
VNM,Vietnam,UZB,Uzbekistan,2001,Export,1028.393
VNM,Vietnam,UZB,Uzbekistan,2002,Export,292.549
VNM,Vietnam,VCT,St. Vincent and the Grenadines,2001,Export,30.422
VNM,Vietnam,VCT,St. Vincent and the Grenadines,2002,Export,28.17
VNM,Vietnam,VEN,Venezuela,2000,Export,3271
VNM,Vietnam,VEN,Venezuela,2001,Export,5875.079
VNM,Vietnam,VEN,Venezuela,2002,Export,4119.229
VNM,Vietnam,VGB,British Virgin Islands,2001,Export,6805.18
VNM,Vietnam,VGB,British Virgin Islands,2002,Export,5216.317
VNM,Vietnam,VUT,Vanuatu,2001,Export,8.156
VNM,Vietnam,ZMB,Zambia,2001,Export,474.747
VNM,Vietnam,THA,Thailand,2002,Export,227250.958
VNM,Vietnam,THA,Thailand,2000,Export,372312
VNM,Vietnam,SER,"Serbia, FR(Serbia/Montenegro)",2000,Export,143
VNM,Vietnam,SER,"Serbia, FR(Serbia/Montenegro)",2001,Export,340.503
VNM,Vietnam,SER,"Serbia, FR(Serbia/Montenegro)",2002,Export,816.145
VNM,Vietnam,SGP,Singapore,2000,Export,885916
VNM,Vietnam,SGP,Singapore,2001,Export,1043734.102
VNM,Vietnam,SGP,Singapore,2002,Export,961126.051
VNM,Vietnam,SEN,Senegal,2002,Export,13761.367
VNM,Vietnam,SGS,South Georgia and the South Sa,2001,Export,110.458
VNM,Vietnam,BEN,Benin,2002,Export,779.589
VNM,Vietnam,SHN,Saint Helena,2002,Export,143.822
VNM,Vietnam,SLB,Solomon Islands,2001,Export,23.746
VNM,Vietnam,SLB,Solomon Islands,2002,Export,12.373
VNM,Vietnam,SLE,Sierra Leone,2000,Export,896
VNM,Vietnam,SLE,Sierra Leone,2001,Export,1449.442
VNM,Vietnam,SGS,South Georgia and the South Sa,2002,Export,109.866
VNM,Vietnam,SEN,Senegal,2001,Export,21311.144
VNM,Vietnam,SEN,Senegal,2000,Export,5553
VNM,Vietnam,SDN,Fm Sudan,2002,Export,585.882
VNM,Vietnam,QAT,Qatar,2002,Export,320.79
VNM,Vietnam,ROM,Romania,2000,Export,6522
VNM,Vietnam,ROM,Romania,2001,Export,6986.226
VNM,Vietnam,ROM,Romania,2002,Export,10566.245
VNM,Vietnam,RUS,Russian Federation,2000,Export,122883
VNM,Vietnam,RUS,Russian Federation,2001,Export,194487.565
VNM,Vietnam,RUS,Russian Federation,2002,Export,187361.455
VNM,Vietnam,RWA,Rwanda,2000,Export,176
VNM,Vietnam,RWA,Rwanda,2001,Export,88.677
VNM,Vietnam,RWA,Rwanda,2002,Export,220.692
VNM,Vietnam,SAU,Saudi Arabia,2000,Export,14739
VNM,Vietnam,SAU,Saudi Arabia,2001,Export,13727.873
VNM,Vietnam,SAU,Saudi Arabia,2002,Export,17965.92
VNM,Vietnam,SDN,Fm Sudan,2000,Export,485
VNM,Vietnam,SDN,Fm Sudan,2001,Export,1154.794
VNM,Vietnam,SLE,Sierra Leone,2002,Export,690.887
VNM,Vietnam,SLV,El Salvador,2000,Export,830
VNM,Vietnam,SLV,El Salvador,2001,Export,1021.126
VNM,Vietnam,SLV,El Salvador,2002,Export,1076.47
VNM,Vietnam,SWZ,Eswatini,2000,Export,5862
VNM,Vietnam,SWZ,Eswatini,2001,Export,2617.076
VNM,Vietnam,SWZ,Eswatini,2002,Export,7373.596
VNM,Vietnam,SYC,Seychelles,2000,Export,48
VNM,Vietnam,SYC,Seychelles,2001,Export,102.798
VNM,Vietnam,SYC,Seychelles,2002,Export,244.162
VNM,Vietnam,SYR,Syrian Arab Republic,2000,Export,1386
VNM,Vietnam,SYR,Syrian Arab Republic,2001,Export,1520.392
VNM,Vietnam,SYR,Syrian Arab Republic,2002,Export,1297.63
VNM,Vietnam,TCA,Turks and Caicos Isl.,2001,Export,88.144
VNM,Vietnam,TCA,Turks and Caicos Isl.,2002,Export,11.424
VNM,Vietnam,TCD,Chad,2000,Export,136
VNM,Vietnam,TGO,Togo,2000,Export,960
VNM,Vietnam,TGO,Togo,2001,Export,2975.824
VNM,Vietnam,TGO,Togo,2002,Export,1375.198
VNM,Vietnam,SWE,Sweden,2002,Export,62370.143
VNM,Vietnam,THA,Thailand,2001,Export,322771.447
VNM,Vietnam,SWE,Sweden,2001,Export,53243.503
VNM,Vietnam,SVN,Slovenia,2002,Export,2175.634
VNM,Vietnam,SOM,Somalia,2000,Export,40
VNM,Vietnam,SOM,Somalia,2001,Export,501.941
VNM,Vietnam,SOM,Somalia,2002,Export,32.111
VNM,Vietnam,SPM,Saint Pierre and Miquelon,2001,Export,42.11
VNM,Vietnam,SPM,Saint Pierre and Miquelon,2002,Export,25.432
VNM,Vietnam,STP,Sao Tome and Principe,2001,Export,31.533
VNM,Vietnam,STP,Sao Tome and Principe,2002,Export,72.995
VNM,Vietnam,SUR,Suriname,2000,Export,381
VNM,Vietnam,SUR,Suriname,2001,Export,505.672
VNM,Vietnam,SUR,Suriname,2002,Export,263.668
VNM,Vietnam,SVK,Slovak Republic,2000,Export,5244
VNM,Vietnam,SVK,Slovak Republic,2001,Export,5474.589
VNM,Vietnam,SVK,Slovak Republic,2002,Export,7253.994
VNM,Vietnam,SVN,Slovenia,2000,Export,1699
VNM,Vietnam,SVN,Slovenia,2001,Export,1612.977
VNM,Vietnam,SWE,Sweden,2000,Export,55147
VNM,Vietnam,EST,Estonia,2011,Export,11412.118
VNM,Vietnam,ZMB,Zambia,2002,Export,133.239
VNM,Vietnam,ZWE,Zimbabwe,2001,Export,145.814
VNM,Vietnam,CAN,Canada,2017,Export,2709237.805
VNM,Vietnam,CAN,Canada,2018,Export,3013846.048
VNM,Vietnam,CHE,Switzerland,2017,Export,240127.174
VNM,Vietnam,CHE,Switzerland,2018,Export,171462.856
VNM,Vietnam,CHL,Chile,2017,Export,998629.685
VNM,Vietnam,CHL,Chile,2018,Export,781673.158
VNM,Vietnam,CAF,Central African Republic,2017,Export,128.93
VNM,Vietnam,CHN,China,2017,Export,35394308.58
VNM,Vietnam,CIV,Cote d'Ivoire,2017,Export,126168.469
VNM,Vietnam,CIV,Cote d'Ivoire,2018,Export,182446.858
VNM,Vietnam,CMR,Cameroon,2017,Export,21651.122
VNM,Vietnam,CMR,Cameroon,2018,Export,26723.872
VNM,Vietnam,COG,"Congo, Rep.",2017,Export,1547.874
VNM,Vietnam,COG,"Congo, Rep.",2018,Export,5777.5
VNM,Vietnam,CHN,China,2018,Export,41366458.75
VNM,Vietnam,BWA,Botswana,2017,Export,32.382
VNM,Vietnam,BRN,Brunei,2018,Export,18464.298
VNM,Vietnam,BRN,Brunei,2017,Export,21525.054
VNM,Vietnam,AZE,Azerbaijan,2018,Export,2484.731
VNM,Vietnam,BEL,Belgium,2017,Export,2250572.313
VNM,Vietnam,BEL,Belgium,2018,Export,2410477.848
VNM,Vietnam,BEN,Benin,2017,Export,19194.396
VNM,Vietnam,BFA,Burkina Faso,2017,Export,573.985
VNM,Vietnam,BGD,Bangladesh,2017,Export,868728.52
VNM,Vietnam,BGD,Bangladesh,2018,Export,752292.457
VNM,Vietnam,BGR,Bulgaria,2017,Export,38286.567
VNM,Vietnam,BGR,Bulgaria,2018,Export,36060.006
VNM,Vietnam,BHR,Bahrain,2017,Export,19899.771
VNM,Vietnam,BHS,"Bahamas, The",2017,Export,41258.913
VNM,Vietnam,BLR,Belarus,2017,Export,7130.984
VNM,Vietnam,BLR,Belarus,2018,Export,5488.18
VNM,Vietnam,BRA,Brazil,2017,Export,2039516.277
VNM,Vietnam,BRA,Brazil,2018,Export,2059376.968
VNM,Vietnam,COL,Colombia,2017,Export,465921.638
VNM,Vietnam,COL,Colombia,2018,Export,380342.731
VNM,Vietnam,CRI,Costa Rica,2017,Export,140477.728
VNM,Vietnam,CRI,Costa Rica,2018,Export,184318.846
VNM,Vietnam,EST,Estonia,2017,Export,34706.463
VNM,Vietnam,EST,Estonia,2018,Export,42535.768
VNM,Vietnam,FIN,Finland,2017,Export,164886.455
VNM,Vietnam,FIN,Finland,2018,Export,164682.667
VNM,Vietnam,FJI,Fiji,2017,Export,21499.718
VNM,Vietnam,FRA,France,2017,Export,3372882.803
VNM,Vietnam,FRA,France,2018,Export,3701139.63
VNM,Vietnam,GAB,Gabon,2017,Export,6269.268
VNM,Vietnam,GBR,United Kingdom,2017,Export,5415115.562
VNM,Vietnam,GBR,United Kingdom,2018,Export,5779270.9
VNM,Vietnam,GEO,Georgia,2017,Export,14532.216
VNM,Vietnam,GHA,Ghana,2017,Export,266832.462
VNM,Vietnam,GHA,Ghana,2018,Export,278261.181
VNM,Vietnam,GIN,Guinea,2017,Export,13197.027
VNM,Vietnam,GMB,"Gambia, The",2017,Export,4441.374
VNM,Vietnam,ESP,Spain,2018,Export,2629158.09
VNM,Vietnam,AZE,Azerbaijan,2017,Export,1318.719
VNM,Vietnam,ESP,Spain,2017,Export,2515755.458
VNM,Vietnam,EGY,"Egypt, Arab Rep.",2017,Export,320986.656
VNM,Vietnam,CYP,Cyprus,2017,Export,39320.335
VNM,Vietnam,CYP,Cyprus,2018,Export,41324.033
VNM,Vietnam,CZE,Czech Republic,2017,Export,150838.05
VNM,Vietnam,CZE,Czech Republic,2018,Export,156481.342
VNM,Vietnam,DEU,Germany,2017,Export,6353565.105
VNM,Vietnam,DEU,Germany,2018,Export,6873195.9
VNM,Vietnam,DJI,Djibouti,2017,Export,37249.13
VNM,Vietnam,DNK,Denmark,2017,Export,341686.542
VNM,Vietnam,DNK,Denmark,2018,Export,373520.218
VNM,Vietnam,DOM,Dominican Republic,2017,Export,78685.23
VNM,Vietnam,DOM,Dominican Republic,2018,Export,80277.57
VNM,Vietnam,DZA,Algeria,2017,Export,280663.915
VNM,Vietnam,DZA,Algeria,2018,Export,191847.246
VNM,Vietnam,ECU,Ecuador,2017,Export,133943.536
VNM,Vietnam,ECU,Ecuador,2018,Export,125421.235
VNM,Vietnam,EGY,"Egypt, Arab Rep.",2018,Export,439986.855
VNM,Vietnam,ZWE,Zimbabwe,2000,Export,26
VNM,Vietnam,AUT,Austria,2018,Export,4078873.211
VNM,Vietnam,AUS,Australia,2018,Export,3965869.089
VNM,Vietnam,ROM,Romania,2020,Export,220067.605
VNM,Vietnam,RUS,Russian Federation,2019,Export,2667593.147
VNM,Vietnam,RUS,Russian Federation,2020,Export,2849201.366
VNM,Vietnam,SAU,Saudi Arabia,2019,Export,349964.637
VNM,Vietnam,SAU,Saudi Arabia,2020,Export,439156.687
VNM,Vietnam,SEN,Senegal,2019,Export,52562.503
VNM,Vietnam,ROM,Romania,2019,Export,193902.03
VNM,Vietnam,SEN,Senegal,2020,Export,38806.701
VNM,Vietnam,SGP,Singapore,2020,Export,3009332.682
VNM,Vietnam,SVK,Slovak Republic,2019,Export,912881.012
VNM,Vietnam,SVK,Slovak Republic,2020,Export,1164815.686
VNM,Vietnam,SVN,Slovenia,2019,Export,342235.202
VNM,Vietnam,SVN,Slovenia,2020,Export,283970.551
VNM,Vietnam,SWE,Sweden,2019,Export,1185836.392
VNM,Vietnam,SGP,Singapore,2019,Export,3174304.978
VNM,Vietnam,QAT,Qatar,2020,Export,375896.425
VNM,Vietnam,QAT,Qatar,2019,Export,133261.203
VNM,Vietnam,PRY,Paraguay,2020,Export,54556.248
VNM,Vietnam,ZWE,Zimbabwe,2002,Export,65.968
VNM,Vietnam,ARE,United Arab Emirates,2014,Export,4626998.924
VNM,Vietnam,ARE,United Arab Emirates,2013,Export,4138413.19
VNM,Vietnam,ARE,United Arab Emirates,2012,Export,2078323.115
VNM,Vietnam,AND,Andorra,2014,Export,0.352
VNM,Vietnam,AGO,Angola,2014,Export,81431.595
VNM,Vietnam,AGO,Angola,2013,Export,124573.207
VNM,Vietnam,AGO,Angola,2012,Export,115785.295
VNM,Vietnam,AFG,Afghanistan,2013,Export,83279.063
VNM,Vietnam,PHL,Philippines,2020,Export,3563388.566
VNM,Vietnam,POL,Poland,2019,Export,1500932.485
VNM,Vietnam,POL,Poland,2020,Export,1773430.602
VNM,Vietnam,PRT,Portugal,2019,Export,395080.493
VNM,Vietnam,PRT,Portugal,2020,Export,375632.02
VNM,Vietnam,PRY,Paraguay,2019,Export,50715.52
VNM,Vietnam,SWE,Sweden,2020,Export,1126650.842
VNM,Vietnam,TGO,Togo,2019,Export,105803.921
VNM,Vietnam,TGO,Togo,2020,Export,174478.465
VNM,Vietnam,THA,Thailand,2019,Export,5050229.682
VNM,Vietnam,VEN,Venezuela,2019,Export,20531.401
VNM,Vietnam,VEN,Venezuela,2020,Export,22016.284
VNM,Vietnam,WLD, World,2019,Export,264610322.7
VNM,Vietnam,WLD, World,2020,Export,281441457.2
VNM,Vietnam,ZAF,South Africa,2019,Export,800100.531
VNM,Vietnam,ZAF,South Africa,2020,Export,681142.093
VNM,Vietnam,NPL,Nepal,2008,Export,2211.151
VNM,Vietnam,AGO,Angola,2017,Export,37603.974
VNM,Vietnam,AGO,Angola,2018,Export,39987.291
VNM,Vietnam,AND,Andorra,2017,Export,22074.283
VNM,Vietnam,ARE,United Arab Emirates,2017,Export,5026907.572
VNM,Vietnam,ARE,United Arab Emirates,2018,Export,5225283.374
VNM,Vietnam,ARG,Argentina,2017,Export,481211.682
VNM,Vietnam,ARG,Argentina,2018,Export,401097.047
VNM,Vietnam,AUS,Australia,2017,Export,3271003.402
VNM,Vietnam,UZB,Uzbekistan,2020,Export,40585.059
VNM,Vietnam,AUT,Austria,2017,Export,3705272.826
VNM,Vietnam,UZB,Uzbekistan,2019,Export,36894.271
VNM,Vietnam,USA,United States,2019,Export,61403966.39
VNM,Vietnam,THA,Thailand,2020,Export,4904499.747
VNM,Vietnam,TUN,Tunisia,2019,Export,21441.261
VNM,Vietnam,TUN,Tunisia,2020,Export,25721.964
VNM,Vietnam,TUR,Turkey,2019,Export,1140412.275
VNM,Vietnam,TUR,Turkey,2020,Export,980123.215
VNM,Vietnam,TZA,Tanzania,2019,Export,58627.418
VNM,Vietnam,TZA,Tanzania,2020,Export,37928.518
VNM,Vietnam,UGA,Uganda,2019,Export,2547.192
VNM,Vietnam,UGA,Uganda,2020,Export,2942.306
VNM,Vietnam,UKR,Ukraine,2019,Export,247573.043
VNM,Vietnam,UKR,Ukraine,2020,Export,284456.451
VNM,Vietnam,UNS,Unspecified,2019,Export,4310807.061
VNM,Vietnam,UNS,Unspecified,2020,Export,2733975.035
VNM,Vietnam,URY,Uruguay,2019,Export,57926.217
VNM,Vietnam,URY,Uruguay,2020,Export,60094.796
VNM,Vietnam,USA,United States,2020,Export,77072438.53
VNM,Vietnam,QAT,Qatar,2001,Export,235.118
VNM,Vietnam,ETH,Ethiopia(excludes Eritrea),2009,Export,7090.307
VNM,Vietnam,ETH,Ethiopia(excludes Eritrea),2011,Export,11265.569
VNM,Vietnam,FRA,France,2008,Export,970838.602
VNM,Vietnam,FRA,France,2007,Export,889382.025
VNM,Vietnam,FRA,France,2006,Export,799006.257
VNM,Vietnam,FJI,Fiji,2008,Export,3845.599
VNM,Vietnam,FJI,Fiji,2007,Export,1579.046
VNM,Vietnam,FJI,Fiji,2006,Export,1517.254
VNM,Vietnam,FRO,Faeroe Islands,2006,Export,6.78
VNM,Vietnam,FIN,Finland,2008,Export,134362.71
VNM,Vietnam,FIN,Finland,2006,Export,68875.198
VNM,Vietnam,ETH,Ethiopia(excludes Eritrea),2008,Export,6165.939
VNM,Vietnam,ETH,Ethiopia(excludes Eritrea),2007,Export,11068.607
VNM,Vietnam,ETH,Ethiopia(excludes Eritrea),2006,Export,25863.133
VNM,Vietnam,EST,Estonia,2008,Export,9234.281
VNM,Vietnam,EST,Estonia,2007,Export,5787.767
VNM,Vietnam,FIN,Finland,2007,Export,92512.436
VNM,Vietnam,GAB,Gabon,2006,Export,3278.533
VNM,Vietnam,GAB,Gabon,2007,Export,4356.322
VNM,Vietnam,GAB,Gabon,2008,Export,8895.67
VNM,Vietnam,GMB,"Gambia, The",2007,Export,4299.068
VNM,Vietnam,GMB,"Gambia, The",2006,Export,5032.465
VNM,Vietnam,GIN,Guinea,2008,Export,37402.831
VNM,Vietnam,GIN,Guinea,2007,Export,8115.853
VNM,Vietnam,GIN,Guinea,2006,Export,14531.629
VNM,Vietnam,GIB,Gibraltar,2006,Export,11.36
VNM,Vietnam,GHA,Ghana,2008,Export,52188.757
VNM,Vietnam,GHA,Ghana,2007,Export,53243.418
VNM,Vietnam,GHA,Ghana,2006,Export,38223.459
VNM,Vietnam,GEO,Georgia,2008,Export,23811.286
VNM,Vietnam,GEO,Georgia,2007,Export,12663.739
VNM,Vietnam,GEO,Georgia,2006,Export,6696.135
VNM,Vietnam,GBR,United Kingdom,2008,Export,1581044.671
VNM,Vietnam,GBR,United Kingdom,2007,Export,1431320.459
VNM,Vietnam,GBR,United Kingdom,2006,Export,1179694.635
VNM,Vietnam,EST,Estonia,2006,Export,7941.253
VNM,Vietnam,GMB,"Gambia, The",2008,Export,14179.053
VNM,Vietnam,ESP,Spain,2008,Export,962236.84
VNM,Vietnam,ESP,Spain,2006,Export,558018.748
VNM,Vietnam,DJI,Djibouti,2008,Export,2655.679
VNM,Vietnam,DJI,Djibouti,2007,Export,554.76
VNM,Vietnam,DJI,Djibouti,2006,Export,1549.07
VNM,Vietnam,DEU,Germany,2008,Export,2073423.756
VNM,Vietnam,DEU,Germany,2007,Export,1854895.363
VNM,Vietnam,DEU,Germany,2006,Export,1445308.55
VNM,Vietnam,DMA,Dominica,2006,Export,3419.605
VNM,Vietnam,CZE,Czech Republic,2008,Export,132983.139
VNM,Vietnam,CZE,Czech Republic,2006,Export,70090.164
VNM,Vietnam,CYP,Cyprus,2008,Export,19704.104
VNM,Vietnam,CYP,Cyprus,2007,Export,6958.853
VNM,Vietnam,CYP,Cyprus,2006,Export,5880.191
VNM,Vietnam,CUB,Cuba,2008,Export,488476.474
VNM,Vietnam,CUB,Cuba,2007,Export,279739.932
VNM,Vietnam,CZE,Czech Republic,2007,Export,102047.695
VNM,Vietnam,DMA,Dominica,2007,Export,10677.512
VNM,Vietnam,DMA,Dominica,2008,Export,3796.929
VNM,Vietnam,DNK,Denmark,2006,Export,109528.251
VNM,Vietnam,ERI,Eritrea,2007,Export,1592.768
VNM,Vietnam,ERI,Eritrea,2006,Export,2016.581
VNM,Vietnam,EGY,"Egypt, Arab Rep.",2008,Export,167824.887
VNM,Vietnam,EGY,"Egypt, Arab Rep.",2007,Export,97783.935
VNM,Vietnam,EGY,"Egypt, Arab Rep.",2006,Export,49011.323
VNM,Vietnam,ECU,Ecuador,2008,Export,45001.948
VNM,Vietnam,ECU,Ecuador,2007,Export,29339.051
VNM,Vietnam,ECU,Ecuador,2006,Export,27984.586
VNM,Vietnam,DZA,Algeria,2008,Export,77519.489
VNM,Vietnam,DZA,Algeria,2007,Export,40504.821
VNM,Vietnam,DZA,Algeria,2006,Export,34183.847
VNM,Vietnam,DOM,Dominican Republic,2008,Export,11249.79
VNM,Vietnam,DOM,Dominican Republic,2006,Export,6567.797
VNM,Vietnam,DNK,Denmark,2008,Export,171651.757
VNM,Vietnam,DNK,Denmark,2007,Export,138027.185
VNM,Vietnam,ESP,Spain,2007,Export,759634.497
VNM,Vietnam,GNB,Guinea-Bissau,2006,Export,130.997
VNM,Vietnam,GNB,Guinea-Bissau,2008,Export,10434.299
VNM,Vietnam,GRC,Greece,2006,Export,64649.32
VNM,Vietnam,JAM,Jamaica,2007,Export,1173.145
VNM,Vietnam,JAM,Jamaica,2006,Export,572.38
VNM,Vietnam,ITA,Italy,2008,Export,1002760.946
VNM,Vietnam,ITA,Italy,2007,Export,816849.007
VNM,Vietnam,ITA,Italy,2006,Export,653081.632
VNM,Vietnam,ISR,Israel,2008,Export,82697.006
VNM,Vietnam,JAM,Jamaica,2008,Export,2019.205
VNM,Vietnam,ISR,Israel,2007,Export,58093.02
VNM,Vietnam,ISL,Iceland,2008,Export,8588.55
VNM,Vietnam,ISL,Iceland,2007,Export,4749.001
VNM,Vietnam,ISL,Iceland,2006,Export,3478.708
VNM,Vietnam,IRQ,Iraq,2008,Export,124284.778
VNM,Vietnam,IRQ,Iraq,2007,Export,14830.02
VNM,Vietnam,IRQ,Iraq,2006,Export,117534.172
VNM,Vietnam,ISR,Israel,2006,Export,44186.765
VNM,Vietnam,JOR,Jordan,2006,Export,16822.022
VNM,Vietnam,JOR,Jordan,2007,Export,19322.087
VNM,Vietnam,JOR,Jordan,2008,Export,33887.483
VNM,Vietnam,KHM,Cambodia,2008,Export,1531599.666
VNM,Vietnam,KHM,Cambodia,2007,Export,1041067.564
VNM,Vietnam,KHM,Cambodia,2006,Export,780611.153
VNM,Vietnam,KGZ,Kyrgyz Republic,2008,Export,1635.538
VNM,Vietnam,KGZ,Kyrgyz Republic,2007,Export,345.307
VNM,Vietnam,KGZ,Kyrgyz Republic,2006,Export,42.034
VNM,Vietnam,KEN,Kenya,2008,Export,37449.209
VNM,Vietnam,KEN,Kenya,2007,Export,9704.634
VNM,Vietnam,KEN,Kenya,2006,Export,29091.291
VNM,Vietnam,KAZ,Kazakhstan,2008,Export,14006.28
VNM,Vietnam,KAZ,Kazakhstan,2007,Export,5355.069
VNM,Vietnam,KAZ,Kazakhstan,2006,Export,1924.581
VNM,Vietnam,JPN,Japan,2008,Export,8467749.67
VNM,Vietnam,JPN,Japan,2007,Export,6089978.312
VNM,Vietnam,JPN,Japan,2006,Export,5240086.602
VNM,Vietnam,IRN,"Iran, Islamic Rep.",2008,Export,79032.494
VNM,Vietnam,IRN,"Iran, Islamic Rep.",2007,Export,30255.097
VNM,Vietnam,IRN,"Iran, Islamic Rep.",2006,Export,16423.725
VNM,Vietnam,IRL,Ireland,2008,Export,54253.401
VNM,Vietnam,HKG,"Hong Kong, China",2008,Export,877189.662
VNM,Vietnam,HKG,"Hong Kong, China",2007,Export,582522.824
VNM,Vietnam,HKG,"Hong Kong, China",2006,Export,452984.755
VNM,Vietnam,GUY,Guyana,2007,Export,303.85
VNM,Vietnam,GUY,Guyana,2006,Export,2312.702
VNM,Vietnam,GUM,Guam,2007,Export,2752.587
VNM,Vietnam,GUM,Guam,2006,Export,3381.546
VNM,Vietnam,GTM,Guatemala,2008,Export,6445.378
VNM,Vietnam,GTM,Guatemala,2007,Export,2748.48
VNM,Vietnam,GTM,Guatemala,2006,Export,3196.242
VNM,Vietnam,GRL,Greenland,2007,Export,254.275
VNM,Vietnam,GRL,Greenland,2006,Export,201.059
VNM,Vietnam,GRD,Grenada,2006,Export,103.06
VNM,Vietnam,GRC,Greece,2008,Export,103235.167
VNM,Vietnam,GRC,Greece,2007,Export,81805.504
VNM,Vietnam,HND,Honduras,2006,Export,5381.483
VNM,Vietnam,CUB,Cuba,2006,Export,152837.426
VNM,Vietnam,HND,Honduras,2007,Export,1778.038
VNM,Vietnam,HRV,Croatia,2006,Export,6646.662
VNM,Vietnam,IRL,Ireland,2007,Export,54908.313
VNM,Vietnam,IRL,Ireland,2006,Export,38107.011
VNM,Vietnam,IND,India,2008,Export,388992.744
VNM,Vietnam,IND,India,2007,Export,179656.867
VNM,Vietnam,IND,India,2006,Export,137837.379
VNM,Vietnam,IDN,Indonesia,2008,Export,751208.872
VNM,Vietnam,IDN,Indonesia,2007,Export,1153201.338
VNM,Vietnam,IDN,Indonesia,2006,Export,957925.97
VNM,Vietnam,HUN,Hungary,2008,Export,70369.713
VNM,Vietnam,HUN,Hungary,2007,Export,62713.647
VNM,Vietnam,HUN,Hungary,2006,Export,33041.961
VNM,Vietnam,HTI,Haiti,2007,Export,419.632
VNM,Vietnam,HTI,Haiti,2006,Export,1236.907
VNM,Vietnam,HRV,Croatia,2008,Export,17155.869
VNM,Vietnam,HRV,Croatia,2007,Export,11590.399
VNM,Vietnam,HND,Honduras,2008,Export,4365.891
VNM,Vietnam,CRI,Costa Rica,2008,Export,12248.148
VNM,Vietnam,CRI,Costa Rica,2007,Export,7345.265
VNM,Vietnam,CRI,Costa Rica,2006,Export,2621.947
VNM,Vietnam,AGO,Angola,2006,Export,60281.657
VNM,Vietnam,TMP,East Timor,2011,Export,13016.732
VNM,Vietnam,TTO,Trinidad and Tobago,2009,Export,3851.685
VNM,Vietnam,TTO,Trinidad and Tobago,2010,Export,3687.394
VNM,Vietnam,TTO,Trinidad and Tobago,2011,Export,3583.356
VNM,Vietnam,TUN,Tunisia,2009,Export,9601.454
VNM,Vietnam,AGO,Angola,2007,Export,49357.684
VNM,Vietnam,TUN,Tunisia,2010,Export,10687.925
VNM,Vietnam,TUR,Turkey,2009,Export,284325.349
VNM,Vietnam,TUR,Turkey,2010,Export,528660.591
VNM,Vietnam,TUR,Turkey,2011,Export,771727.395
VNM,Vietnam,TZA,Tanzania,2009,Export,29015.915
VNM,Vietnam,TZA,Tanzania,2010,Export,35669.844
VNM,Vietnam,TZA,Tanzania,2011,Export,24130.879
VNM,Vietnam,TUN,Tunisia,2011,Export,22455.812
VNM,Vietnam,AGO,Angola,2008,Export,143823.577
VNM,Vietnam,ALB,Albania,2006,Export,3727.863
VNM,Vietnam,ALB,Albania,2007,Export,3902.666
VNM,Vietnam,AUT,Austria,2006,Export,97476.941
VNM,Vietnam,AUS,Australia,2008,Export,4351579.846
VNM,Vietnam,AUS,Australia,2007,Export,3802212.697
VNM,Vietnam,AUS,Australia,2006,Export,3688926.715
VNM,Vietnam,ARM,Armenia,2008,Export,2885.804
VNM,Vietnam,ARM,Armenia,2007,Export,1813.59
VNM,Vietnam,ARM,Armenia,2006,Export,787.172
VNM,Vietnam,ARG,Argentina,2008,Export,73727.379
VNM,Vietnam,ARG,Argentina,2007,Export,49788.829
VNM,Vietnam,ARG,Argentina,2006,Export,30810.692
VNM,Vietnam,ARE,United Arab Emirates,2008,Export,357572.897
VNM,Vietnam,ARE,United Arab Emirates,2007,Export,234048.313
VNM,Vietnam,ARE,United Arab Emirates,2006,Export,140572.309
VNM,Vietnam,AND,Andorra,2006,Export,9.344
VNM,Vietnam,ALB,Albania,2008,Export,5812.792
VNM,Vietnam,UGA,Uganda,2009,Export,4603.905
VNM,Vietnam,UGA,Uganda,2010,Export,9231.098
VNM,Vietnam,UGA,Uganda,2011,Export,2751.742
VNM,Vietnam,UKR,Ukraine,2009,Export,129189.374
VNM,Vietnam,WSM,Samoa,2009,Export,3823.949
VNM,Vietnam,WSM,Samoa,2010,Export,4177.231
VNM,Vietnam,YEM,Yemen,2009,Export,16107.652
VNM,Vietnam,YEM,Yemen,2010,Export,14960.848
VNM,Vietnam,YEM,Yemen,2011,Export,14603.947
VNM,Vietnam,ZAF,South Africa,2009,Export,377889.858
VNM,Vietnam,ZAF,South Africa,2010,Export,494061.98
VNM,Vietnam,ZAF,South Africa,2011,Export,1864417.044
VNM,Vietnam,ZAR,"Congo, Dem. Rep.",2009,Export,13190
VNM,Vietnam,ZAR,"Congo, Dem. Rep.",2010,Export,4461.608
VNM,Vietnam,ZMB,Zambia,2009,Export,2996.658
VNM,Vietnam,ZMB,Zambia,2010,Export,3450.453
VNM,Vietnam,ZMB,Zambia,2011,Export,3256.526
VNM,Vietnam,ZWE,Zimbabwe,2010,Export,4420.58
VNM,Vietnam,ZWE,Zimbabwe,2011,Export,1015.317
VNM,Vietnam,WLD, World,2011,Export,96905673.96
VNM,Vietnam,AUT,Austria,2007,Export,112137.607
VNM,Vietnam,WLD, World,2010,Export,72236665
VNM,Vietnam,VEN,Venezuela,2011,Export,27272.748
VNM,Vietnam,UKR,Ukraine,2010,Export,115728.642
VNM,Vietnam,UKR,Ukraine,2011,Export,194524.095
VNM,Vietnam,UNS,Unspecified,2009,Export,420938.544
VNM,Vietnam,UNS,Unspecified,2010,Export,391975.714
VNM,Vietnam,UNS,Unspecified,2011,Export,1119544.258
VNM,Vietnam,URY,Uruguay,2009,Export,8652.881
VNM,Vietnam,URY,Uruguay,2010,Export,16354.535
VNM,Vietnam,URY,Uruguay,2011,Export,27382.824
VNM,Vietnam,USA,United States,2009,Export,11415617.72
VNM,Vietnam,USA,United States,2010,Export,14250850.1
VNM,Vietnam,USA,United States,2011,Export,16970422
VNM,Vietnam,UZB,Uzbekistan,2010,Export,1941.961
VNM,Vietnam,UZB,Uzbekistan,2011,Export,5705.02
VNM,Vietnam,VEN,Venezuela,2009,Export,13878.107
VNM,Vietnam,VEN,Venezuela,2010,Export,21399.284
VNM,Vietnam,WLD, World,2009,Export,57096274.46
VNM,Vietnam,KIR,Kiribati,2006,Export,67.117
VNM,Vietnam,AUT,Austria,2008,Export,108730.847
VNM,Vietnam,AZE,Azerbaijan,2007,Export,1125.002
VNM,Vietnam,CHE,Switzerland,2008,Export,522015.004
VNM,Vietnam,CHE,Switzerland,2007,Export,237495.019
VNM,Vietnam,CHE,Switzerland,2006,Export,156106.985
VNM,Vietnam,CAN,Canada,2008,Export,656383.669
VNM,Vietnam,CAN,Canada,2007,Export,539177.842
VNM,Vietnam,CAN,Canada,2006,Export,440523.965
VNM,Vietnam,CHL,Chile,2006,Export,46078.05
VNM,Vietnam,CAF,Central African Republic,2007,Export,1094.577
VNM,Vietnam,BWA,Botswana,2006,Export,2.488
VNM,Vietnam,BTN,Bhutan,2006,Export,301.072
VNM,Vietnam,BRN,Brunei,2008,Export,4491.596
VNM,Vietnam,BRN,Brunei,2006,Export,3908.798
VNM,Vietnam,BRB,Barbados,2007,Export,527.705
VNM,Vietnam,BRA,Brazil,2008,Export,183087.076
VNM,Vietnam,CAF,Central African Republic,2006,Export,943.968
VNM,Vietnam,CHL,Chile,2007,Export,46704.471
VNM,Vietnam,CHL,Chile,2008,Export,68892.078
VNM,Vietnam,CHN,China,2006,Export,3242837.958
VNM,Vietnam,COL,Colombia,2008,Export,47092.832
VNM,Vietnam,COL,Colombia,2007,Export,34405.919
VNM,Vietnam,COL,Colombia,2006,Export,23063.69
VNM,Vietnam,COK,Cook Islands,2006,Export,127.346
VNM,Vietnam,COG,"Congo, Rep.",2008,Export,32793.276
VNM,Vietnam,COG,"Congo, Rep.",2007,Export,23668.657
VNM,Vietnam,COG,"Congo, Rep.",2006,Export,23165.929
VNM,Vietnam,CMR,Cameroon,2008,Export,34456.789
VNM,Vietnam,CMR,Cameroon,2007,Export,8377.752
VNM,Vietnam,CMR,Cameroon,2006,Export,12011.147
VNM,Vietnam,CIV,Cote d'Ivoire,2008,Export,85181.602
VNM,Vietnam,CIV,Cote d'Ivoire,2007,Export,44305.517
VNM,Vietnam,CIV,Cote d'Ivoire,2006,Export,54972.962
VNM,Vietnam,CHN,China,2008,Export,4850109.958
VNM,Vietnam,CHN,China,2007,Export,3646128.21
VNM,Vietnam,BRA,Brazil,2007,Export,102621.649
VNM,Vietnam,BRA,Brazil,2006,Export,61897.863
VNM,Vietnam,BOL,Bolivia,2008,Export,1835.234
VNM,Vietnam,BOL,Bolivia,2007,Export,1796.06
VNM,Vietnam,BGD,Bangladesh,2008,Export,47109.667
VNM,Vietnam,BGD,Bangladesh,2007,Export,24858.821
VNM,Vietnam,BGD,Bangladesh,2006,Export,21452.083
VNM,Vietnam,BFA,Burkina Faso,2008,Export,1870.469
VNM,Vietnam,BFA,Burkina Faso,2007,Export,536.203
VNM,Vietnam,BFA,Burkina Faso,2006,Export,319.734
VNM,Vietnam,BEN,Benin,2008,Export,10499.053
VNM,Vietnam,BEN,Benin,2007,Export,15399.511
VNM,Vietnam,BEN,Benin,2006,Export,6099.888
VNM,Vietnam,BEL,Belgium,2008,Export,1019165.471
VNM,Vietnam,BEL,Belgium,2007,Export,849028.85
VNM,Vietnam,BEL,Belgium,2006,Export,687487.695
VNM,Vietnam,BDI,Burundi,2007,Export,701.716
VNM,Vietnam,BDI,Burundi,2006,Export,3392.668
VNM,Vietnam,AZE,Azerbaijan,2008,Export,2191.355
VNM,Vietnam,BGR,Bulgaria,2006,Export,21601.503
VNM,Vietnam,AZE,Azerbaijan,2006,Export,379.752
VNM,Vietnam,BGR,Bulgaria,2007,Export,35868.052
VNM,Vietnam,BHR,Bahrain,2006,Export,1069.845
VNM,Vietnam,BOL,Bolivia,2006,Export,729.069
VNM,Vietnam,BMU,Bermuda,2007,Export,258.614
VNM,Vietnam,BMU,Bermuda,2006,Export,193.755
VNM,Vietnam,BLZ,Belize,2007,Export,752.807
VNM,Vietnam,BLZ,Belize,2006,Export,2057.053
VNM,Vietnam,BLR,Belarus,2008,Export,14538.314
VNM,Vietnam,BLR,Belarus,2007,Export,10079.791
VNM,Vietnam,BLR,Belarus,2006,Export,1486.738
VNM,Vietnam,BIH,Bosnia and Herzegovina,2007,Export,258.285
VNM,Vietnam,BIH,Bosnia and Herzegovina,2006,Export,294.688
VNM,Vietnam,BHS,"Bahamas, The",2008,Export,2612.042
VNM,Vietnam,BHS,"Bahamas, The",2007,Export,1392.703
VNM,Vietnam,BHS,"Bahamas, The",2006,Export,700.244
VNM,Vietnam,BHR,Bahrain,2008,Export,3745.159
VNM,Vietnam,BHR,Bahrain,2007,Export,1327.802
VNM,Vietnam,BGR,Bulgaria,2008,Export,75110.11
VNM,Vietnam,KOR,"Korea, Rep.",2006,Export,842892.525
VNM,Vietnam,KOR,"Korea, Rep.",2007,Export,1243353.028
VNM,Vietnam,KOR,"Korea, Rep.",2008,Export,1793525.458
VNM,Vietnam,KOR,"Korea, Rep.",2010,Export,3092225.453
VNM,Vietnam,KOR,"Korea, Rep.",2011,Export,4866729.3
VNM,Vietnam,KWT,Kuwait,2009,Export,40905.381
VNM,Vietnam,KWT,Kuwait,2010,Export,29909.367
VNM,Vietnam,KWT,Kuwait,2011,Export,28914.936
VNM,Vietnam,LAO,Lao PDR,2009,Export,172208.605
VNM,Vietnam,KOR,"Korea, Rep.",2009,Export,2077777.363
VNM,Vietnam,LAO,Lao PDR,2010,Export,199986.848
VNM,Vietnam,LBN,Lebanon,2009,Export,36215.461
VNM,Vietnam,LBN,Lebanon,2010,Export,35090.038
VNM,Vietnam,LBN,Lebanon,2011,Export,46204.713
VNM,Vietnam,LBR,Liberia,2009,Export,3158.902
VNM,Vietnam,LBR,Liberia,2010,Export,35737.292
VNM,Vietnam,LBR,Liberia,2011,Export,57032.435
VNM,Vietnam,LAO,Lao PDR,2011,Export,286570.912
VNM,Vietnam,KIR,Kiribati,2010,Export,3132.886
VNM,Vietnam,KIR,Kiribati,2009,Export,3435.511
VNM,Vietnam,KHM,Cambodia,2011,Export,2519028.736
VNM,Vietnam,JAM,Jamaica,2011,Export,5566.909
VNM,Vietnam,JOR,Jordan,2009,Export,48496.359
VNM,Vietnam,JOR,Jordan,2010,Export,38564.52
VNM,Vietnam,JOR,Jordan,2011,Export,38892.307
VNM,Vietnam,JPN,Japan,2009,Export,6335602.139
VNM,Vietnam,JPN,Japan,2010,Export,7727659.574
VNM,Vietnam,JPN,Japan,2011,Export,11091713.17
VNM,Vietnam,KAZ,Kazakhstan,2009,Export,13971.679
VNM,Vietnam,KAZ,Kazakhstan,2010,Export,15475.639
VNM,Vietnam,KAZ,Kazakhstan,2011,Export,36257.341
VNM,Vietnam,KEN,Kenya,2009,Export,41589.319
VNM,Vietnam,KEN,Kenya,2010,Export,42615.558
VNM,Vietnam,KEN,Kenya,2011,Export,62356.408
VNM,Vietnam,KHM,Cambodia,2009,Export,1166536.367
VNM,Vietnam,KHM,Cambodia,2010,Export,1563822.1
VNM,Vietnam,LBY,Libya,2009,Export,5398.6
VNM,Vietnam,LBY,Libya,2010,Export,8110.929
VNM,Vietnam,LKA,Sri Lanka,2009,Export,26414.068
VNM,Vietnam,LKA,Sri Lanka,2010,Export,62368.974
VNM,Vietnam,MEX,Mexico,2011,Export,589749.217
VNM,Vietnam,MHL,Marshall Islands,2009,Export,27650.539
VNM,Vietnam,MKD,North Macedonia,2010,Export,1008.357
VNM,Vietnam,MLI,Mali,2010,Export,5760.257
VNM,Vietnam,MLI,Mali,2011,Export,5541.704
VNM,Vietnam,MLT,Malta,2009,Export,3311.793
VNM,Vietnam,MLT,Malta,2010,Export,3452.722
VNM,Vietnam,MMR,Myanmar,2009,Export,33942.022
VNM,Vietnam,MMR,Myanmar,2010,Export,49520.721
VNM,Vietnam,MMR,Myanmar,2011,Export,82457.761
VNM,Vietnam,MNG,Mongolia,2009,Export,9827.598
VNM,Vietnam,MNT,Montenegro,2010,Export,1923.182
VNM,Vietnam,MOZ,Mozambique,2009,Export,41527.24
VNM,Vietnam,MOZ,Mozambique,2010,Export,32827.54
VNM,Vietnam,MOZ,Mozambique,2011,Export,71666.179
VNM,Vietnam,MEX,Mexico,2010,Export,488829.219
VNM,Vietnam,JAM,Jamaica,2010,Export,3749.476
VNM,Vietnam,MEX,Mexico,2009,Export,359089.7
VNM,Vietnam,MDG,Madagascar,2009,Export,5206.793
VNM,Vietnam,LKA,Sri Lanka,2011,Export,83606.868
VNM,Vietnam,LTU,Lithuania,2009,Export,37748.863
VNM,Vietnam,LTU,Lithuania,2010,Export,24230.504
VNM,Vietnam,LTU,Lithuania,2011,Export,22597.905
VNM,Vietnam,LUX,Luxembourg,2009,Export,17262.317
VNM,Vietnam,LUX,Luxembourg,2010,Export,22557.354
VNM,Vietnam,LUX,Luxembourg,2011,Export,27171.398
VNM,Vietnam,LVA,Latvia,2009,Export,10247.614
VNM,Vietnam,LVA,Latvia,2010,Export,10002.656
VNM,Vietnam,LVA,Latvia,2011,Export,40636.705
VNM,Vietnam,MAR,Morocco,2009,Export,29044.877
VNM,Vietnam,MAR,Morocco,2010,Export,28330.098
VNM,Vietnam,MAR,Morocco,2011,Export,40488.481
VNM,Vietnam,MDA,Moldova,2009,Export,4799.574
VNM,Vietnam,MDA,Moldova,2010,Export,3104.542
VNM,Vietnam,MDG,Madagascar,2010,Export,4532.986
VNM,Vietnam,MUS,Mauritius,2009,Export,7242.435
VNM,Vietnam,ITA,Italy,2011,Export,1534325.967
VNM,Vietnam,ITA,Italy,2009,Export,804629.146
VNM,Vietnam,GHA,Ghana,2010,Export,98602.684
VNM,Vietnam,GHA,Ghana,2011,Export,120347.946
VNM,Vietnam,GIN,Guinea,2009,Export,32103.673
VNM,Vietnam,GIN,Guinea,2010,Export,47757.288
VNM,Vietnam,GIN,Guinea,2011,Export,94446.041
VNM,Vietnam,GMB,"Gambia, The",2009,Export,13312.882
VNM,Vietnam,GHA,Ghana,2009,Export,77496.523
VNM,Vietnam,GMB,"Gambia, The",2010,Export,6011.544
VNM,Vietnam,GNB,Guinea-Bissau,2009,Export,3710.765
VNM,Vietnam,GNB,Guinea-Bissau,2011,Export,7382.109
VNM,Vietnam,GRC,Greece,2009,Export,77697.625
VNM,Vietnam,GRC,Greece,2010,Export,80273.499
VNM,Vietnam,GRC,Greece,2011,Export,132288.109
VNM,Vietnam,GRD,Grenada,2010,Export,1020.245
VNM,Vietnam,GMB,"Gambia, The",2011,Export,7451.838
VNM,Vietnam,GEO,Georgia,2011,Export,12642.919
VNM,Vietnam,GEO,Georgia,2010,Export,15383.386
VNM,Vietnam,GEO,Georgia,2009,Export,15180.048
VNM,Vietnam,FIN,Finland,2009,Export,79500.451
VNM,Vietnam,FIN,Finland,2010,Export,68398.948
VNM,Vietnam,FIN,Finland,2011,Export,87020.778
VNM,Vietnam,FJI,Fiji,2009,Export,12937.556
VNM,Vietnam,FJI,Fiji,2010,Export,14938.485
VNM,Vietnam,FJI,Fiji,2011,Export,19705.968
VNM,Vietnam,FRA,France,2009,Export,820069.83
VNM,Vietnam,FRA,France,2010,Export,1101330.057
VNM,Vietnam,FRA,France,2011,Export,1658883.617
VNM,Vietnam,GAB,Gabon,2009,Export,5621.273
VNM,Vietnam,GAB,Gabon,2010,Export,7446.346
VNM,Vietnam,GAB,Gabon,2011,Export,7245.864
VNM,Vietnam,GBR,United Kingdom,2009,Export,1329234.283
VNM,Vietnam,GBR,United Kingdom,2010,Export,1681884.445
VNM,Vietnam,GBR,United Kingdom,2011,Export,2398191.123
VNM,Vietnam,GTM,Guatemala,2009,Export,14738.398
VNM,Vietnam,GTM,Guatemala,2010,Export,13266.993
VNM,Vietnam,GTM,Guatemala,2011,Export,16186.425
VNM,Vietnam,GUM,Guam,2009,Export,2821.374
VNM,Vietnam,IND,India,2009,Export,419576.981
VNM,Vietnam,IND,India,2010,Export,991629.599
VNM,Vietnam,IND,India,2011,Export,1553921.231
VNM,Vietnam,IRL,Ireland,2009,Export,39546.22
VNM,Vietnam,IRL,Ireland,2010,Export,46105.45
VNM,Vietnam,IRL,Ireland,2011,Export,63673.662
VNM,Vietnam,IRN,"Iran, Islamic Rep.",2009,Export,27513.129
VNM,Vietnam,IRN,"Iran, Islamic Rep.",2010,Export,44277.258
VNM,Vietnam,IRQ,Iraq,2009,Export,90185.118
VNM,Vietnam,IRQ,Iraq,2010,Export,188348.936
VNM,Vietnam,IRQ,Iraq,2011,Export,149574.274
VNM,Vietnam,ISL,Iceland,2010,Export,1698.804
VNM,Vietnam,ISR,Israel,2009,Export,76936.81
VNM,Vietnam,ISR,Israel,2010,Export,97478.123
VNM,Vietnam,ISR,Israel,2011,Export,170750.038
VNM,Vietnam,IDN,Indonesia,2011,Export,2358900.369
VNM,Vietnam,ITA,Italy,2010,Export,980141.338
VNM,Vietnam,IDN,Indonesia,2010,Export,1433419.494
VNM,Vietnam,HUN,Hungary,2011,Export,51338.115
VNM,Vietnam,GUM,Guam,2010,Export,3828.405
VNM,Vietnam,GUY,Guyana,2010,Export,3421.805
VNM,Vietnam,HKG,"Hong Kong, China",2009,Export,1034099.464
VNM,Vietnam,HKG,"Hong Kong, China",2010,Export,1464177.811
VNM,Vietnam,HKG,"Hong Kong, China",2011,Export,2205716.065
VNM,Vietnam,HND,Honduras,2009,Export,2862.74
VNM,Vietnam,HND,Honduras,2010,Export,6575.494
VNM,Vietnam,HND,Honduras,2011,Export,6725.35
VNM,Vietnam,HRV,Croatia,2009,Export,39381.993
VNM,Vietnam,HRV,Croatia,2010,Export,15902.1
VNM,Vietnam,HRV,Croatia,2011,Export,14250.25
VNM,Vietnam,HTI,Haiti,2010,Export,30613.002
VNM,Vietnam,HTI,Haiti,2011,Export,14400.258
VNM,Vietnam,HUN,Hungary,2009,Export,62451.299
VNM,Vietnam,HUN,Hungary,2010,Export,38425.014
VNM,Vietnam,IDN,Indonesia,2009,Export,754054.282
VNM,Vietnam,ETH,Ethiopia(excludes Eritrea),2010,Export,34212.486
VNM,Vietnam,MUS,Mauritius,2011,Export,9563.734
VNM,Vietnam,MYS,Malaysia,2010,Export,2093117.901
VNM,Vietnam,SYR,Syrian Arab Republic,2009,Export,49381.433
VNM,Vietnam,SYR,Syrian Arab Republic,2010,Export,33674.556
VNM,Vietnam,SYR,Syrian Arab Republic,2011,Export,36386.252
VNM,Vietnam,TGO,Togo,2009,Export,18399.19
VNM,Vietnam,TGO,Togo,2010,Export,29927.584
VNM,Vietnam,TGO,Togo,2011,Export,36293.841
VNM,Vietnam,SWZ,Eswatini,2011,Export,4067.586
VNM,Vietnam,THA,Thailand,2009,Export,1314224.616
VNM,Vietnam,THA,Thailand,2011,Export,1938258.935
VNM,Vietnam,TJK,Tajikistan,2011,Export,1030.867
VNM,Vietnam,TKM,Turkmenistan,2009,Export,11311.632
VNM,Vietnam,TKM,Turkmenistan,2010,Export,5679.398
VNM,Vietnam,TKM,Turkmenistan,2011,Export,6101.339
VNM,Vietnam,TMP,East Timor,2009,Export,99412.494
VNM,Vietnam,THA,Thailand,2010,Export,1182842.286
VNM,Vietnam,SWZ,Eswatini,2010,Export,5521.099
VNM,Vietnam,SWE,Sweden,2011,Export,427363.083
VNM,Vietnam,SWE,Sweden,2010,Export,233221.185
VNM,Vietnam,SGP,Singapore,2011,Export,2149252.194
VNM,Vietnam,SLB,Solomon Islands,2010,Export,9890.097
VNM,Vietnam,SLE,Sierra Leone,2009,Export,31511.254
VNM,Vietnam,SLE,Sierra Leone,2010,Export,19149.365
VNM,Vietnam,SLE,Sierra Leone,2011,Export,38109.197
VNM,Vietnam,SLV,El Salvador,2010,Export,3836.15
VNM,Vietnam,SLV,El Salvador,2011,Export,5689.232
VNM,Vietnam,SUR,Suriname,2010,Export,3312.335
VNM,Vietnam,SVK,Slovak Republic,2009,Export,89803.56
VNM,Vietnam,SVK,Slovak Republic,2010,Export,111378.158
VNM,Vietnam,SVK,Slovak Republic,2011,Export,156902.383
VNM,Vietnam,SVN,Slovenia,2009,Export,17755.659
VNM,Vietnam,SVN,Slovenia,2010,Export,24529.042
VNM,Vietnam,SVN,Slovenia,2011,Export,24747.262
VNM,Vietnam,SWE,Sweden,2009,Export,204621.272
VNM,Vietnam,TMP,East Timor,2010,Export,52856.155
VNM,Vietnam,MDG,Madagascar,2007,Export,9353.838
VNM,Vietnam,MDG,Madagascar,2006,Export,3012.73
VNM,Vietnam,MDA,Moldova,2008,Export,5508.831
VNM,Vietnam,LBY,Libya,2008,Export,4325.604
VNM,Vietnam,LBY,Libya,2007,Export,2350.045
VNM,Vietnam,LBY,Libya,2006,Export,570.406
VNM,Vietnam,LBR,Liberia,2008,Export,38878.594
VNM,Vietnam,LBR,Liberia,2007,Export,1849.101
VNM,Vietnam,LBR,Liberia,2006,Export,1225.261
VNM,Vietnam,LBN,Lebanon,2008,Export,24333.188
VNM,Vietnam,LBN,Lebanon,2007,Export,16369.959
VNM,Vietnam,LBN,Lebanon,2006,Export,17775.687
VNM,Vietnam,LAO,Lao PDR,2008,Export,160342.217
VNM,Vietnam,LAO,Lao PDR,2007,Export,109682.466
VNM,Vietnam,LAO,Lao PDR,2006,Export,94957.885
VNM,Vietnam,KWT,Kuwait,2008,Export,61492.374
VNM,Vietnam,KWT,Kuwait,2007,Export,19300.345
VNM,Vietnam,KWT,Kuwait,2006,Export,11080.393
VNM,Vietnam,LKA,Sri Lanka,2006,Export,20611.724
VNM,Vietnam,SGP,Singapore,2010,Export,2121313.598
VNM,Vietnam,LKA,Sri Lanka,2007,Export,38234.504
VNM,Vietnam,LTU,Lithuania,2006,Export,14099.328
VNM,Vietnam,MDA,Moldova,2007,Export,2082.791
VNM,Vietnam,MDA,Moldova,2006,Export,1252.647
VNM,Vietnam,MAR,Morocco,2008,Export,30222.147
VNM,Vietnam,MAR,Morocco,2007,Export,27486.496
VNM,Vietnam,MAR,Morocco,2006,Export,11128.79
VNM,Vietnam,MAC,Macao,2008,Export,11578.525
VNM,Vietnam,MAC,Macao,2007,Export,3246.894
VNM,Vietnam,MAC,Macao,2006,Export,7033.659
VNM,Vietnam,LVA,Latvia,2008,Export,11697.465
VNM,Vietnam,LVA,Latvia,2007,Export,8932.62
VNM,Vietnam,LVA,Latvia,2006,Export,5084.668
VNM,Vietnam,LUX,Luxembourg,2007,Export,486.305
VNM,Vietnam,LUX,Luxembourg,2006,Export,589.639
VNM,Vietnam,LTU,Lithuania,2008,Export,29900.706
VNM,Vietnam,LTU,Lithuania,2007,Export,17443.391
VNM,Vietnam,LKA,Sri Lanka,2008,Export,40037.031
VNM,Vietnam,MYS,Malaysia,2009,Export,1775157.304
VNM,Vietnam,SGP,Singapore,2009,Export,2075621.161
VNM,Vietnam,SER,"Serbia, FR(Serbia/Montenegro)",2009,Export,5203.807
VNM,Vietnam,NZL,New Zealand,2010,Export,122644.705
VNM,Vietnam,NZL,New Zealand,2011,Export,151377.389
VNM,Vietnam,OAS,"Other Asia, nes",2009,Export,1120643.035
VNM,Vietnam,OAS,"Other Asia, nes",2010,Export,1442841.904
VNM,Vietnam,OAS,"Other Asia, nes",2011,Export,1843297.754
VNM,Vietnam,OMN,Oman,2009,Export,7413.129
VNM,Vietnam,NZL,New Zealand,2009,Export,70504.083
VNM,Vietnam,OMN,Oman,2010,Export,7660.814
VNM,Vietnam,PAK,Pakistan,2009,Export,110405.264
VNM,Vietnam,PAK,Pakistan,2010,Export,133598.91
VNM,Vietnam,PAK,Pakistan,2011,Export,168412.63
VNM,Vietnam,PAN,Panama,2009,Export,135305.709
VNM,Vietnam,PAN,Panama,2010,Export,173758.121
VNM,Vietnam,PAN,Panama,2011,Export,227433.484
VNM,Vietnam,OMN,Oman,2011,Export,18120.432
VNM,Vietnam,NPL,Nepal,2010,Export,2284.743
VNM,Vietnam,NOR,Norway,2011,Export,89778.406
VNM,Vietnam,NOR,Norway,2010,Export,74093.626
VNM,Vietnam,MYS,Malaysia,2011,Export,2770807.985
VNM,Vietnam,NAM,Namibia,2010,Export,1354.542
VNM,Vietnam,NCL,New Caledonia,2009,Export,3477.994
VNM,Vietnam,NCL,New Caledonia,2010,Export,7749.064
VNM,Vietnam,NCL,New Caledonia,2011,Export,10610.464
VNM,Vietnam,NGA,Nigeria,2009,Export,66881.02
VNM,Vietnam,NGA,Nigeria,2010,Export,109756.343
VNM,Vietnam,NGA,Nigeria,2011,Export,70524.107
VNM,Vietnam,NIC,Nicaragua,2009,Export,3877.294
VNM,Vietnam,NIC,Nicaragua,2010,Export,5365.091
VNM,Vietnam,NIC,Nicaragua,2011,Export,11366.099
VNM,Vietnam,NLD,Netherlands,2009,Export,1355633.335
VNM,Vietnam,NLD,Netherlands,2010,Export,1688311.695
VNM,Vietnam,NLD,Netherlands,2011,Export,2147980.219
VNM,Vietnam,NOR,Norway,2009,Export,51429.331
VNM,Vietnam,PER,Peru,2009,Export,25597.582
VNM,Vietnam,PER,Peru,2010,Export,38335.748
VNM,Vietnam,PER,Peru,2011,Export,76249.728
VNM,Vietnam,PHL,Philippines,2009,Export,1461857.757
VNM,Vietnam,ROM,Romania,2011,Export,74434.034
VNM,Vietnam,RUS,Russian Federation,2009,Export,414892.128
VNM,Vietnam,RUS,Russian Federation,2010,Export,829700.871
VNM,Vietnam,RUS,Russian Federation,2011,Export,1287323.795
VNM,Vietnam,RWA,Rwanda,2009,Export,7717.561
VNM,Vietnam,RWA,Rwanda,2010,Export,11256.163
VNM,Vietnam,SAU,Saudi Arabia,2009,Export,103880.031
VNM,Vietnam,SAU,Saudi Arabia,2010,Export,143971.442
VNM,Vietnam,SAU,Saudi Arabia,2011,Export,261720.092
VNM,Vietnam,SDN,Fm Sudan,2009,Export,20178.16
VNM,Vietnam,SDN,Fm Sudan,2010,Export,16070.594
VNM,Vietnam,SDN,Fm Sudan,2011,Export,22520.145
VNM,Vietnam,SEN,Senegal,2009,Export,107155.398
VNM,Vietnam,SEN,Senegal,2010,Export,80345.942
VNM,Vietnam,SEN,Senegal,2011,Export,190245.59
VNM,Vietnam,ROM,Romania,2010,Export,77667.819
VNM,Vietnam,SER,"Serbia, FR(Serbia/Montenegro)",2010,Export,9082.633
VNM,Vietnam,ROM,Romania,2009,Export,76623.465
VNM,Vietnam,QAT,Qatar,2010,Export,10008.119
VNM,Vietnam,PHL,Philippines,2010,Export,1706401.286
VNM,Vietnam,PHL,Philippines,2011,Export,1535312.982
VNM,Vietnam,PNG,Papua New Guinea,2009,Export,30029.145
VNM,Vietnam,PNG,Papua New Guinea,2010,Export,15616.706
VNM,Vietnam,PNG,Papua New Guinea,2011,Export,24711.106
VNM,Vietnam,POL,Poland,2009,Export,185308.326
VNM,Vietnam,POL,Poland,2010,Export,241222.17
VNM,Vietnam,POL,Poland,2011,Export,445513.605
VNM,Vietnam,PRT,Portugal,2009,Export,93173.987
VNM,Vietnam,PRT,Portugal,2010,Export,94731.552
VNM,Vietnam,PRT,Portugal,2011,Export,153030.468
VNM,Vietnam,PRY,Paraguay,2009,Export,3493.84
VNM,Vietnam,PRY,Paraguay,2010,Export,7147.472
VNM,Vietnam,PRY,Paraguay,2011,Export,13448.305
VNM,Vietnam,QAT,Qatar,2009,Export,26284.887
VNM,Vietnam,QAT,Qatar,2011,Export,17318.03
VNM,Vietnam,QAT,Qatar,2000,Export,155
VNM,Vietnam,SHN,Saint Helena,2001,Export,41.92
VNM,Vietnam,PRY,Paraguay,2002,Export,269.294
VNM,Vietnam,GIN,Guinea,2002,Export,533.788
VNM,Vietnam,GMB,"Gambia, The",2000,Export,412
VNM,Vietnam,GMB,"Gambia, The",2001,Export,751.116
VNM,Vietnam,GMB,"Gambia, The",2002,Export,1886.524
VNM,Vietnam,GNB,Guinea-Bissau,2000,Export,7
VNM,Vietnam,GNB,Guinea-Bissau,2002,Export,17.498
VNM,Vietnam,GNQ,Equatorial Guinea,2000,Export,56
VNM,Vietnam,GRC,Greece,2000,Export,16275
VNM,Vietnam,GRC,Greece,2001,Export,21131.519
VNM,Vietnam,GRC,Greece,2002,Export,34339.111
VNM,Vietnam,GIN,Guinea,2001,Export,505.756
VNM,Vietnam,GRD,Grenada,2000,Export,33
VNM,Vietnam,GRD,Grenada,2002,Export,35.751
VNM,Vietnam,GRL,Greenland,2000,Export,32
VNM,Vietnam,GRL,Greenland,2001,Export,418.425
VNM,Vietnam,GRL,Greenland,2002,Export,85.971
VNM,Vietnam,GTM,Guatemala,2000,Export,1645
VNM,Vietnam,GTM,Guatemala,2001,Export,2918.909
VNM,Vietnam,GTM,Guatemala,2002,Export,4094.988
VNM,Vietnam,GUM,Guam,2000,Export,337
VNM,Vietnam,GUM,Guam,2001,Export,1095.233
VNM,Vietnam,GUM,Guam,2002,Export,357.98
VNM,Vietnam,GRD,Grenada,2001,Export,21.72
VNM,Vietnam,GUY,Guyana,2000,Export,82
VNM,Vietnam,GIN,Guinea,2000,Export,6279
VNM,Vietnam,GHA,Ghana,2002,Export,8602.518
VNM,Vietnam,FJI,Fiji,2000,Export,178
VNM,Vietnam,FJI,Fiji,2001,Export,639.983
VNM,Vietnam,FJI,Fiji,2002,Export,897.637
VNM,Vietnam,FLK,Falkland Island,2001,Export,25.449
VNM,Vietnam,FRA,France,2000,Export,382684
VNM,Vietnam,FRA,France,2001,Export,468963.769
VNM,Vietnam,FRA,France,2002,Export,439472.229
VNM,Vietnam,FRO,Faeroe Islands,2001,Export,31.692
VNM,Vietnam,FRO,Faeroe Islands,2002,Export,21.631
VNM,Vietnam,FSM,"Micronesia, Fed. Sts.",2001,Export,49.95
VNM,Vietnam,GIB,Gibraltar,2001,Export,5.611
VNM,Vietnam,FSM,"Micronesia, Fed. Sts.",2002,Export,79.149
VNM,Vietnam,GAB,Gabon,2001,Export,2887.381
VNM,Vietnam,GAB,Gabon,2002,Export,63.679
VNM,Vietnam,GBR,United Kingdom,2000,Export,479395
VNM,Vietnam,GBR,United Kingdom,2001,Export,511565.481
VNM,Vietnam,GBR,United Kingdom,2002,Export,571631.088
VNM,Vietnam,GEO,Georgia,2000,Export,2965
VNM,Vietnam,GEO,Georgia,2001,Export,3651.858
VNM,Vietnam,GEO,Georgia,2002,Export,4310.277
VNM,Vietnam,GHA,Ghana,2000,Export,7342
VNM,Vietnam,GHA,Ghana,2001,Export,4666.538
VNM,Vietnam,GAB,Gabon,2000,Export,3718
VNM,Vietnam,FIN,Finland,2002,Export,24271.527
VNM,Vietnam,GUY,Guyana,2001,Export,100.962
VNM,Vietnam,HKG,"Hong Kong, China",2000,Export,315896
VNM,Vietnam,IRL,Ireland,2002,Export,19155.611
VNM,Vietnam,IRN,"Iran, Islamic Rep.",2000,Export,13510
VNM,Vietnam,IRN,"Iran, Islamic Rep.",2001,Export,9554.659
VNM,Vietnam,IRN,"Iran, Islamic Rep.",2002,Export,10383.224
VNM,Vietnam,IRQ,Iraq,2000,Export,321525
VNM,Vietnam,IRQ,Iraq,2001,Export,405473.237
VNM,Vietnam,IRQ,Iraq,2002,Export,439881.069
VNM,Vietnam,ISL,Iceland,2000,Export,5557
VNM,Vietnam,ISL,Iceland,2001,Export,5228.811
VNM,Vietnam,ISL,Iceland,2002,Export,2182.694
VNM,Vietnam,IRL,Ireland,2001,Export,20787.392
VNM,Vietnam,ISR,Israel,2000,Export,15131
VNM,Vietnam,ISR,Israel,2002,Export,19459.959
VNM,Vietnam,ITA,Italy,2000,Export,218009
VNM,Vietnam,ITA,Italy,2001,Export,237898.77
VNM,Vietnam,PYF,French Polynesia,2002,Export,26.42
VNM,Vietnam,ITA,Italy,2002,Export,264640.919
VNM,Vietnam,JAM,Jamaica,2000,Export,228
VNM,Vietnam,JAM,Jamaica,2001,Export,69.152
VNM,Vietnam,JAM,Jamaica,2002,Export,151.921
VNM,Vietnam,JOR,Jordan,2000,Export,2760
VNM,Vietnam,JOR,Jordan,2001,Export,4486.05
VNM,Vietnam,ISR,Israel,2001,Export,18061.91
VNM,Vietnam,GUY,Guyana,2002,Export,134.417
VNM,Vietnam,IRL,Ireland,2000,Export,12139
VNM,Vietnam,IOT,British Indian Ocean Ter.,2001,Export,20.331
VNM,Vietnam,HKG,"Hong Kong, China",2001,Export,317237.692
VNM,Vietnam,HKG,"Hong Kong, China",2002,Export,340168.123
VNM,Vietnam,HMD,Heard Island and McDonald Isla,2001,Export,235.125
VNM,Vietnam,HMD,Heard Island and McDonald Isla,2002,Export,90.275
VNM,Vietnam,HND,Honduras,2000,Export,444
VNM,Vietnam,HND,Honduras,2001,Export,285.69
VNM,Vietnam,HND,Honduras,2002,Export,1718.061
VNM,Vietnam,HRV,Croatia,2000,Export,563
VNM,Vietnam,HRV,Croatia,2001,Export,795.982
VNM,Vietnam,HRV,Croatia,2002,Export,1319.688
VNM,Vietnam,IOT,British Indian Ocean Ter.,2002,Export,36.941
VNM,Vietnam,HTI,Haiti,2000,Export,1025
VNM,Vietnam,HTI,Haiti,2002,Export,131.668
VNM,Vietnam,HUN,Hungary,2000,Export,15040
VNM,Vietnam,HUN,Hungary,2001,Export,17035.959
VNM,Vietnam,HUN,Hungary,2002,Export,21206.472
VNM,Vietnam,IDN,Indonesia,2000,Export,248588
VNM,Vietnam,IDN,Indonesia,2001,Export,264299.942
VNM,Vietnam,IDN,Indonesia,2002,Export,331966.572
VNM,Vietnam,IND,India,2000,Export,47226
VNM,Vietnam,IND,India,2001,Export,45364.567
VNM,Vietnam,IND,India,2002,Export,52030.34
VNM,Vietnam,HTI,Haiti,2001,Export,895.503
VNM,Vietnam,FIN,Finland,2001,Export,19932.971
VNM,Vietnam,FIN,Finland,2000,Export,22402
VNM,Vietnam,ETH,Ethiopia(excludes Eritrea),2002,Export,113.977
VNM,Vietnam,COL,Colombia,2001,Export,3152.211
VNM,Vietnam,COL,Colombia,2002,Export,7147.054
VNM,Vietnam,COM,Comoros,2001,Export,19.021
VNM,Vietnam,COM,Comoros,2002,Export,22.148
VNM,Vietnam,CPV,Cape Verde,2001,Export,158.429
VNM,Vietnam,OAS,"Other Asia, nes",2013,Export,2223615.506
VNM,Vietnam,OAS,"Other Asia, nes",2014,Export,2306504.448
VNM,Vietnam,OMN,Oman,2012,Export,13424.764
VNM,Vietnam,OMN,Oman,2013,Export,13267.358
VNM,Vietnam,OMN,Oman,2014,Export,39323.394
VNM,Vietnam,COL,Colombia,2000,Export,7703
VNM,Vietnam,PAK,Pakistan,2012,Export,174790.045
VNM,Vietnam,PAK,Pakistan,2014,Export,282460.01
VNM,Vietnam,PAN,Panama,2012,Export,237248.45
VNM,Vietnam,PAN,Panama,2013,Export,234515.67
VNM,Vietnam,PAN,Panama,2014,Export,271986.153
VNM,Vietnam,PER,Peru,2012,Export,100591.952
VNM,Vietnam,PER,Peru,2013,Export,109792.222
VNM,Vietnam,PER,Peru,2014,Export,186889.626
VNM,Vietnam,PHL,Philippines,2012,Export,1871461.816
VNM,Vietnam,PHL,Philippines,2013,Export,1732313.379
VNM,Vietnam,PHL,Philippines,2014,Export,2310333.489
VNM,Vietnam,PAK,Pakistan,2013,Export,187325.938
VNM,Vietnam,CPV,Cape Verde,2002,Export,10.85
VNM,Vietnam,COK,Cook Islands,2002,Export,0.156
VNM,Vietnam,COG,"Congo, Rep.",2002,Export,766.788
VNM,Vietnam,CAN,Canada,2000,Export,98698
VNM,Vietnam,CAN,Canada,2001,Export,107315.605
VNM,Vietnam,CAN,Canada,2002,Export,138121.574
VNM,Vietnam,CCK,Cocos (Keeling) Islands,2001,Export,5.4
VNM,Vietnam,CCK,Cocos (Keeling) Islands,2002,Export,52.581
VNM,Vietnam,CHE,Switzerland,2000,Export,166585
VNM,Vietnam,CHE,Switzerland,2001,Export,94902.059
VNM,Vietnam,CHE,Switzerland,2002,Export,66669.738
VNM,Vietnam,CHL,Chile,2000,Export,10656
VNM,Vietnam,CHL,Chile,2001,Export,9248.243
VNM,Vietnam,COK,Cook Islands,2001,Export,15.845
VNM,Vietnam,CHL,Chile,2002,Export,10425.29
VNM,Vietnam,CHN,China,2001,Export,1417415.487
VNM,Vietnam,CHN,China,2002,Export,1518330.118
VNM,Vietnam,CIV,Cote d'Ivoire,2000,Export,461
VNM,Vietnam,CIV,Cote d'Ivoire,2001,Export,969.481
VNM,Vietnam,CIV,Cote d'Ivoire,2002,Export,1834.053
VNM,Vietnam,CMR,Cameroon,2000,Export,74
VNM,Vietnam,CMR,Cameroon,2001,Export,106.195
VNM,Vietnam,CMR,Cameroon,2002,Export,200.522
VNM,Vietnam,COG,"Congo, Rep.",2000,Export,4187
VNM,Vietnam,COG,"Congo, Rep.",2001,Export,1073.153
VNM,Vietnam,CHN,China,2000,Export,1536391
VNM,Vietnam,CRI,Costa Rica,2000,Export,305
VNM,Vietnam,CRI,Costa Rica,2001,Export,726.238
VNM,Vietnam,CRI,Costa Rica,2002,Export,394.296
VNM,Vietnam,DZA,Algeria,2001,Export,11683.336
VNM,Vietnam,DZA,Algeria,2002,Export,3325.011
VNM,Vietnam,ECU,Ecuador,2000,Export,1719
VNM,Vietnam,ECU,Ecuador,2001,Export,2494.845
VNM,Vietnam,ECU,Ecuador,2002,Export,3481.453
VNM,Vietnam,EGY,"Egypt, Arab Rep.",2000,Export,19016
VNM,Vietnam,EGY,"Egypt, Arab Rep.",2001,Export,28574.369
VNM,Vietnam,EGY,"Egypt, Arab Rep.",2002,Export,21782.681
VNM,Vietnam,ERI,Eritrea,2000,Export,17
VNM,Vietnam,ERI,Eritrea,2001,Export,194.536
VNM,Vietnam,DZA,Algeria,2000,Export,6404
VNM,Vietnam,ERI,Eritrea,2002,Export,261.918
VNM,Vietnam,ESH,Western Sahara,2001,Export,137.842
VNM,Vietnam,ESH,Western Sahara,2002,Export,71.512
VNM,Vietnam,ESP,Spain,2000,Export,137277
VNM,Vietnam,ESP,Spain,2001,Export,158529.912
VNM,Vietnam,ESP,Spain,2002,Export,178962.962
VNM,Vietnam,EST,Estonia,2000,Export,213
VNM,Vietnam,EST,Estonia,2001,Export,1300.318
VNM,Vietnam,EST,Estonia,2002,Export,2092.419
VNM,Vietnam,ETH,Ethiopia(excludes Eritrea),2000,Export,86
VNM,Vietnam,ETH,Ethiopia(excludes Eritrea),2001,Export,136.865
VNM,Vietnam,ESH,Western Sahara,2000,Export,2075
VNM,Vietnam,DOM,Dominican Republic,2002,Export,431.468
VNM,Vietnam,DOM,Dominican Republic,2001,Export,1801.976
VNM,Vietnam,DOM,Dominican Republic,2000,Export,820
VNM,Vietnam,CUB,Cuba,2000,Export,34326
VNM,Vietnam,CUB,Cuba,2001,Export,44222.666
VNM,Vietnam,CUB,Cuba,2002,Export,47035.323
VNM,Vietnam,CXR,Christmas Island,2001,Export,113.536
VNM,Vietnam,CXR,Christmas Island,2002,Export,343.083
VNM,Vietnam,CYP,Cyprus,2000,Export,1475
VNM,Vietnam,CYP,Cyprus,2001,Export,2498.461
VNM,Vietnam,CYP,Cyprus,2002,Export,1457.741
VNM,Vietnam,CZE,Czech Republic,2000,Export,35274
VNM,Vietnam,CZE,Czech Republic,2001,Export,38904.04
VNM,Vietnam,CZE,Czech Republic,2002,Export,39628.536
VNM,Vietnam,DEU,Germany,2000,Export,730321
VNM,Vietnam,DEU,Germany,2001,Export,721797.439
VNM,Vietnam,DEU,Germany,2002,Export,729028.855
VNM,Vietnam,DJI,Djibouti,2000,Export,11
VNM,Vietnam,DJI,Djibouti,2001,Export,34.484
VNM,Vietnam,DJI,Djibouti,2002,Export,154.663
VNM,Vietnam,DMA,Dominica,2000,Export,438
VNM,Vietnam,DMA,Dominica,2001,Export,1519.001
VNM,Vietnam,DMA,Dominica,2002,Export,910.327
VNM,Vietnam,DNK,Denmark,2000,Export,58357
VNM,Vietnam,DNK,Denmark,2001,Export,49666.596
VNM,Vietnam,DNK,Denmark,2002,Export,63266.245
VNM,Vietnam,JOR,Jordan,2002,Export,1013.298
VNM,Vietnam,CAF,Central African Republic,2002,Export,47.158
VNM,Vietnam,JPN,Japan,2000,Export,2575201
VNM,Vietnam,JPN,Japan,2002,Export,2436957.891
VNM,Vietnam,TUR,Turkey,2012,Export,862727.02
VNM,Vietnam,TUN,Tunisia,2014,Export,47041.291
VNM,Vietnam,TUN,Tunisia,2013,Export,36234.453
VNM,Vietnam,TUN,Tunisia,2012,Export,43686.585
VNM,Vietnam,TTO,Trinidad and Tobago,2014,Export,9098.829
VNM,Vietnam,TTO,Trinidad and Tobago,2013,Export,5153.257
VNM,Vietnam,TTO,Trinidad and Tobago,2012,Export,5427.288
VNM,Vietnam,TMP,East Timor,2014,Export,63307.56
VNM,Vietnam,TMP,East Timor,2013,Export,46889.45
VNM,Vietnam,TMP,East Timor,2012,Export,34408.329
VNM,Vietnam,TUR,Turkey,2013,Export,1173914.151
VNM,Vietnam,TKM,Turkmenistan,2013,Export,4725.918
VNM,Vietnam,TJK,Tajikistan,2012,Export,2165.94
VNM,Vietnam,THA,Thailand,2014,Export,3473523.37
VNM,Vietnam,THA,Thailand,2013,Export,3069558.995
VNM,Vietnam,THA,Thailand,2012,Export,2832178.265
VNM,Vietnam,TGO,Togo,2014,Export,26608.88
VNM,Vietnam,PNG,Papua New Guinea,2012,Export,29531.182
VNM,Vietnam,PNG,Papua New Guinea,2013,Export,18097.859
VNM,Vietnam,PNG,Papua New Guinea,2014,Export,79971.511
VNM,Vietnam,POL,Poland,2012,Export,328165.106
VNM,Vietnam,POL,Poland,2013,Export,350770.344
VNM,Vietnam,TKM,Turkmenistan,2012,Export,13327.879
VNM,Vietnam,POL,Poland,2014,Export,509060.702
VNM,Vietnam,TUR,Turkey,2014,Export,1507590.642
VNM,Vietnam,BEN,Benin,2010,Export,13124.173
VNM,Vietnam,ALB,Albania,2009,Export,5542.198
VNM,Vietnam,ALB,Albania,2010,Export,3261.264
VNM,Vietnam,ARE,United Arab Emirates,2009,Export,360079.684
VNM,Vietnam,ARE,United Arab Emirates,2010,Export,508284.689
VNM,Vietnam,ARE,United Arab Emirates,2011,Export,921974.816
VNM,Vietnam,ARG,Argentina,2009,Export,55935.248
VNM,Vietnam,ARG,Argentina,2010,Export,91554.407
VNM,Vietnam,ARG,Argentina,2011,Export,148853.87
VNM,Vietnam,ARM,Armenia,2009,Export,2805.215
VNM,Vietnam,ARM,Armenia,2010,Export,5164.323
VNM,Vietnam,TZA,Tanzania,2012,Export,37278.725
VNM,Vietnam,AUS,Australia,2009,Export,2386092.467
VNM,Vietnam,AUS,Australia,2011,Export,2601965.229
VNM,Vietnam,AUT,Austria,2009,Export,103386.158
VNM,Vietnam,AUT,Austria,2010,Export,144022.674
VNM,Vietnam,AUT,Austria,2011,Export,461537.115
VNM,Vietnam,AZE,Azerbaijan,2010,Export,2130.949
VNM,Vietnam,BDI,Burundi,2010,Export,5057.651
VNM,Vietnam,BEL,Belgium,2009,Export,831712.622
VNM,Vietnam,BEL,Belgium,2010,Export,848838.09
VNM,Vietnam,BEL,Belgium,2011,Export,1199694.282
VNM,Vietnam,BEN,Benin,2009,Export,23168.363
VNM,Vietnam,AUS,Australia,2010,Export,2704003.54
VNM,Vietnam,AGO,Angola,2011,Export,68060.284
VNM,Vietnam,PRK,"Korea, Dem. Rep.",2013,Export,1.341
VNM,Vietnam,PRT,Portugal,2012,Export,173337.007
VNM,Vietnam,SLE,Sierra Leone,2013,Export,14286.237
VNM,Vietnam,SLE,Sierra Leone,2014,Export,25722.497
VNM,Vietnam,SLV,El Salvador,2012,Export,6349.744
VNM,Vietnam,SLV,El Salvador,2014,Export,12824.876
VNM,Vietnam,SUD,Sudan,2012,Export,28930.491
VNM,Vietnam,TGO,Togo,2013,Export,40389.418
VNM,Vietnam,TGO,Togo,2012,Export,29642.261
VNM,Vietnam,TCD,Chad,2013,Export,9406.916
VNM,Vietnam,SYR,Syrian Arab Republic,2014,Export,34949.104
VNM,Vietnam,SYR,Syrian Arab Republic,2013,Export,23785.869
VNM,Vietnam,SLE,Sierra Leone,2012,Export,16437.374
VNM,Vietnam,SYR,Syrian Arab Republic,2012,Export,42964.715
VNM,Vietnam,SWE,Sweden,2014,Export,961093.816
VNM,Vietnam,SWE,Sweden,2013,Export,905338.849
VNM,Vietnam,SUD,Sudan,2013,Export,20756.692
VNM,Vietnam,SUD,Sudan,2014,Export,27338.254
VNM,Vietnam,SUR,Suriname,2014,Export,2251.274
VNM,Vietnam,SVK,Slovak Republic,2012,Export,290935.399
VNM,Vietnam,SVK,Slovak Republic,2013,Export,391940.771
VNM,Vietnam,SVK,Slovak Republic,2014,Export,370488.828
VNM,Vietnam,SVN,Slovenia,2012,Export,35445.672
VNM,Vietnam,SVN,Slovenia,2013,Export,44325.063
VNM,Vietnam,SYC,Seychelles,2014,Export,0.798
VNM,Vietnam,PRK,"Korea, Dem. Rep.",2014,Export,34.008
VNM,Vietnam,SGP,Singapore,2014,Export,2942039.93
VNM,Vietnam,SGP,Singapore,2012,Export,2367682.539
VNM,Vietnam,PRT,Portugal,2013,Export,245029.074
VNM,Vietnam,PRT,Portugal,2014,Export,272696.89
VNM,Vietnam,PRY,Paraguay,2012,Export,10444.417
VNM,Vietnam,PRY,Paraguay,2013,Export,10440.476
VNM,Vietnam,PRY,Paraguay,2014,Export,27256.58
VNM,Vietnam,QAT,Qatar,2012,Export,18569.018
VNM,Vietnam,QAT,Qatar,2013,Export,15211.964
VNM,Vietnam,QAT,Qatar,2014,Export,36582.433
VNM,Vietnam,ROM,Romania,2012,Export,80605.7
VNM,Vietnam,ROM,Romania,2013,Export,71513.377
VNM,Vietnam,SGP,Singapore,2013,Export,2691473.638
VNM,Vietnam,ROM,Romania,2014,Export,99228.075
VNM,Vietnam,RUS,Russian Federation,2013,Export,1921169.052
VNM,Vietnam,RUS,Russian Federation,2014,Export,1724910.62
VNM,Vietnam,RWA,Rwanda,2013,Export,13734.065
VNM,Vietnam,RWA,Rwanda,2014,Export,331.193
VNM,Vietnam,SAU,Saudi Arabia,2012,Export,599066.408
VNM,Vietnam,SAU,Saudi Arabia,2013,Export,470935.39
VNM,Vietnam,SAU,Saudi Arabia,2014,Export,534232.671
VNM,Vietnam,SEN,Senegal,2012,Export,91228.608
VNM,Vietnam,SEN,Senegal,2013,Export,43183.712
VNM,Vietnam,SEN,Senegal,2014,Export,55369.59
VNM,Vietnam,RUS,Russian Federation,2012,Export,1617853.355
VNM,Vietnam,AGO,Angola,2010,Export,111159.33
VNM,Vietnam,AGO,Angola,2009,Export,89197.874
VNM,Vietnam,NAM,Namibia,2000,Export,103
VNM,Vietnam,LBR,Liberia,2001,Export,982.826
VNM,Vietnam,LBR,Liberia,2002,Export,546.966
VNM,Vietnam,LBY,Libya,2000,Export,71
VNM,Vietnam,LBY,Libya,2001,Export,93.148
VNM,Vietnam,LBY,Libya,2002,Export,231.204
VNM,Vietnam,LCA,St. Lucia,2001,Export,100.938
VNM,Vietnam,LCA,St. Lucia,2002,Export,290.438
VNM,Vietnam,LKA,Sri Lanka,2000,Export,9652
VNM,Vietnam,LKA,Sri Lanka,2001,Export,9799.27
VNM,Vietnam,LKA,Sri Lanka,2002,Export,6755.83
VNM,Vietnam,LBR,Liberia,2000,Export,507
VNM,Vietnam,LSO,Lesotho,2000,Export,163
VNM,Vietnam,LTU,Lithuania,2000,Export,178
VNM,Vietnam,LTU,Lithuania,2001,Export,732.591
VNM,Vietnam,LTU,Lithuania,2002,Export,5446.99
VNM,Vietnam,LUX,Luxembourg,2000,Export,275
VNM,Vietnam,LUX,Luxembourg,2001,Export,139.725
VNM,Vietnam,LUX,Luxembourg,2002,Export,321.552
VNM,Vietnam,LVA,Latvia,2000,Export,1503
VNM,Vietnam,LVA,Latvia,2001,Export,1560.347
VNM,Vietnam,LVA,Latvia,2002,Export,1083.145
VNM,Vietnam,MAC,Macao,2000,Export,1038
VNM,Vietnam,LSO,Lesotho,2002,Export,159.531
VNM,Vietnam,MAC,Macao,2001,Export,556.04
VNM,Vietnam,LBN,Lebanon,2002,Export,3924.957
VNM,Vietnam,LBN,Lebanon,2000,Export,1714
VNM,Vietnam,KAZ,Kazakhstan,2001,Export,65.599
VNM,Vietnam,KAZ,Kazakhstan,2002,Export,102.337
VNM,Vietnam,KEN,Kenya,2000,Export,3502
VNM,Vietnam,KEN,Kenya,2001,Export,4043.308
VNM,Vietnam,KEN,Kenya,2002,Export,3003.776
VNM,Vietnam,KGZ,Kyrgyz Republic,2000,Export,45
VNM,Vietnam,KGZ,Kyrgyz Republic,2002,Export,52.29
VNM,Vietnam,KHM,Cambodia,2000,Export,141620
VNM,Vietnam,KHM,Cambodia,2001,Export,146001.623
VNM,Vietnam,KHM,Cambodia,2002,Export,178412.324
VNM,Vietnam,LBN,Lebanon,2001,Export,3057.699
VNM,Vietnam,KIR,Kiribati,2001,Export,7.053
VNM,Vietnam,KNA,St. Kitts and Nevis,2002,Export,37.676
VNM,Vietnam,KOR,"Korea, Rep.",2000,Export,352637
VNM,Vietnam,KOR,"Korea, Rep.",2001,Export,406081.98
VNM,Vietnam,KOR,"Korea, Rep.",2002,Export,468716.207
VNM,Vietnam,KWT,Kuwait,2000,Export,2434
VNM,Vietnam,KWT,Kuwait,2001,Export,2652.862
VNM,Vietnam,KWT,Kuwait,2002,Export,2610.778
VNM,Vietnam,LAO,Lao PDR,2000,Export,69009
VNM,Vietnam,LAO,Lao PDR,2001,Export,64344.897
VNM,Vietnam,LAO,Lao PDR,2002,Export,64683.243
VNM,Vietnam,KIR,Kiribati,2002,Export,30.742
VNM,Vietnam,MAC,Macao,2002,Export,475.11
VNM,Vietnam,MAR,Morocco,2000,Export,2962
VNM,Vietnam,MAR,Morocco,2001,Export,1731.342
VNM,Vietnam,MNG,Mongolia,2000,Export,1523
VNM,Vietnam,MNG,Mongolia,2001,Export,1497.724
VNM,Vietnam,MNG,Mongolia,2002,Export,1220.146
VNM,Vietnam,MNP,Northern Mariana Islands,2002,Export,452.784
VNM,Vietnam,MOZ,Mozambique,2000,Export,695
VNM,Vietnam,MOZ,Mozambique,2001,Export,192.077
VNM,Vietnam,MOZ,Mozambique,2002,Export,24.99
VNM,Vietnam,MRT,Mauritania,2000,Export,238
VNM,Vietnam,MRT,Mauritania,2001,Export,1149.151
VNM,Vietnam,MRT,Mauritania,2002,Export,1226.699
VNM,Vietnam,MMR,Myanmar,2002,Export,7125.061
VNM,Vietnam,MSR,Montserrat,2002,Export,14.58
VNM,Vietnam,MUS,Mauritius,2001,Export,320.969
VNM,Vietnam,MUS,Mauritius,2002,Export,1106.217
VNM,Vietnam,MWI,Malawi,2000,Export,26
VNM,Vietnam,MWI,Malawi,2001,Export,25.647
VNM,Vietnam,MWI,Malawi,2002,Export,182.287
VNM,Vietnam,MYS,Malaysia,2000,Export,413861
VNM,Vietnam,MYS,Malaysia,2001,Export,337224.484
VNM,Vietnam,MYS,Malaysia,2002,Export,347750.791
VNM,Vietnam,MYT,Mayotte,2001,Export,61.549
VNM,Vietnam,MYT,Mayotte,2002,Export,13.201
VNM,Vietnam,MUS,Mauritius,2000,Export,473
VNM,Vietnam,MMR,Myanmar,2001,Export,5359.833
VNM,Vietnam,MMR,Myanmar,2000,Export,5666
VNM,Vietnam,MLT,Malta,2002,Export,240.75
VNM,Vietnam,MAR,Morocco,2002,Export,3033.993
VNM,Vietnam,MDA,Moldova,2000,Export,265
VNM,Vietnam,MDA,Moldova,2001,Export,465.844
VNM,Vietnam,MDA,Moldova,2002,Export,721.784
VNM,Vietnam,MDG,Madagascar,2000,Export,99
VNM,Vietnam,MDG,Madagascar,2001,Export,2653.483
VNM,Vietnam,MDG,Madagascar,2002,Export,420.151
VNM,Vietnam,MDV,Maldives,2000,Export,285
VNM,Vietnam,MDV,Maldives,2001,Export,6.696
VNM,Vietnam,MDV,Maldives,2002,Export,3.401
VNM,Vietnam,MEX,Mexico,2000,Export,24224
VNM,Vietnam,MEX,Mexico,2001,Export,44016.367
VNM,Vietnam,MEX,Mexico,2002,Export,60484.58
VNM,Vietnam,MHL,Marshall Islands,2001,Export,4142.921
VNM,Vietnam,MHL,Marshall Islands,2002,Export,767.5
VNM,Vietnam,MKD,North Macedonia,2000,Export,88
VNM,Vietnam,MKD,North Macedonia,2001,Export,332.356
VNM,Vietnam,MKD,North Macedonia,2002,Export,1192.098
VNM,Vietnam,MLI,Mali,2000,Export,2374
VNM,Vietnam,MLI,Mali,2001,Export,2267.396
VNM,Vietnam,MLI,Mali,2002,Export,1469.881
VNM,Vietnam,MLT,Malta,2000,Export,2186
VNM,Vietnam,MLT,Malta,2001,Export,203.807
VNM,Vietnam,JPN,Japan,2001,Export,2509800.067
VNM,Vietnam,SVN,Slovenia,2014,Export,102128.474
VNM,Vietnam,SWE,Sweden,2012,Export,673706.655
VNM,Vietnam,GNB,Guinea-Bissau,2013,Export,8249.97
VNM,Vietnam,CYP,Cyprus,2012,Export,17661.448
VNM,Vietnam,CYP,Cyprus,2013,Export,16592.903
VNM,Vietnam,CYP,Cyprus,2014,Export,28705.871
VNM,Vietnam,CZE,Czech Republic,2012,Export,180053.577
VNM,Vietnam,CZE,Czech Republic,2013,Export,180407.032
VNM,Vietnam,CZE,Czech Republic,2014,Export,218575.901
VNM,Vietnam,DEU,Germany,2012,Export,4094940.259
VNM,Vietnam,DEU,Germany,2013,Export,4736995.934
VNM,Vietnam,DEU,Germany,2014,Export,5174944.225
VNM,Vietnam,BFA,Burkina Faso,2001,Export,1023.355
VNM,Vietnam,DJI,Djibouti,2014,Export,42956.286
VNM,Vietnam,DMA,Dominica,2012,Export,23249.612
VNM,Vietnam,DMA,Dominica,2013,Export,17457.811
VNM,Vietnam,DMA,Dominica,2014,Export,11409.247
VNM,Vietnam,DNK,Denmark,2012,Export,276067.819
VNM,Vietnam,DNK,Denmark,2013,Export,267132.079
VNM,Vietnam,DNK,Denmark,2014,Export,315587.741
VNM,Vietnam,DOM,Dominican Republic,2012,Export,23123.912
VNM,Vietnam,DOM,Dominican Republic,2013,Export,23382.477
VNM,Vietnam,DOM,Dominican Republic,2014,Export,51132.135
VNM,Vietnam,DZA,Algeria,2012,Export,129082.276
VNM,Vietnam,CUB,Cuba,2013,Export,293.36
VNM,Vietnam,CRI,Costa Rica,2014,Export,25760.178
VNM,Vietnam,CRI,Costa Rica,2013,Export,21067.951
VNM,Vietnam,CRI,Costa Rica,2012,Export,15042.617
VNM,Vietnam,CAN,Canada,2014,Export,2077656.078
VNM,Vietnam,CHE,Switzerland,2012,Export,397724.511
VNM,Vietnam,CHE,Switzerland,2013,Export,288331.178
VNM,Vietnam,CHE,Switzerland,2014,Export,265216.272
VNM,Vietnam,CHL,Chile,2012,Export,168648.821
VNM,Vietnam,CHL,Chile,2013,Export,219617.067
VNM,Vietnam,CHL,Chile,2014,Export,520782.913
VNM,Vietnam,CHN,China,2012,Export,12835975.64
VNM,Vietnam,CHN,China,2013,Export,13177694.49
VNM,Vietnam,CHN,China,2014,Export,14928317.71
VNM,Vietnam,DZA,Algeria,2013,Export,176724.145
VNM,Vietnam,CIV,Cote d'Ivoire,2012,Export,214902.752
VNM,Vietnam,CIV,Cote d'Ivoire,2014,Export,159967.987
VNM,Vietnam,CMR,Cameroon,2012,Export,61962.548
VNM,Vietnam,CMR,Cameroon,2013,Export,101398.596
VNM,Vietnam,CMR,Cameroon,2014,Export,41186.14
VNM,Vietnam,COG,"Congo, Rep.",2012,Export,17144.084
VNM,Vietnam,COG,"Congo, Rep.",2013,Export,20223.212
VNM,Vietnam,COG,"Congo, Rep.",2014,Export,4304.92
VNM,Vietnam,COL,Colombia,2012,Export,106414.116
VNM,Vietnam,COL,Colombia,2013,Export,173523.119
VNM,Vietnam,COL,Colombia,2014,Export,278289.39
VNM,Vietnam,CIV,Cote d'Ivoire,2013,Export,247138.371
VNM,Vietnam,DZA,Algeria,2014,Export,246351.444
VNM,Vietnam,ECU,Ecuador,2012,Export,113422.841
VNM,Vietnam,ECU,Ecuador,2013,Export,79932.206
VNM,Vietnam,GBR,United Kingdom,2013,Export,3696265.186
VNM,Vietnam,GBR,United Kingdom,2014,Export,3647172.364
VNM,Vietnam,GEO,Georgia,2012,Export,15107.338
VNM,Vietnam,GEO,Georgia,2013,Export,19085.193
VNM,Vietnam,GEO,Georgia,2014,Export,38131.38
VNM,Vietnam,GHA,Ghana,2012,Export,203589.722
VNM,Vietnam,GHA,Ghana,2013,Export,247006.911
VNM,Vietnam,GHA,Ghana,2014,Export,243631.811
VNM,Vietnam,GIN,Guinea,2012,Export,39079.786
VNM,Vietnam,GIN,Guinea,2013,Export,33214.502
VNM,Vietnam,GBR,United Kingdom,2012,Export,3033600.59
VNM,Vietnam,GIN,Guinea,2014,Export,8750.911
VNM,Vietnam,GMB,"Gambia, The",2013,Export,6805.303
VNM,Vietnam,GMB,"Gambia, The",2014,Export,7471.273
VNM,Vietnam,GNB,Guinea-Bissau,2012,Export,4166.998
VNM,Vietnam,PNG,Papua New Guinea,2000,Export,2699
VNM,Vietnam,BFA,Burkina Faso,2002,Export,97.84
VNM,Vietnam,BGD,Bangladesh,2000,Export,14567
VNM,Vietnam,BGD,Bangladesh,2001,Export,7101.273
VNM,Vietnam,BGD,Bangladesh,2002,Export,9756.564
VNM,Vietnam,BGR,Bulgaria,2000,Export,7603
VNM,Vietnam,BGR,Bulgaria,2001,Export,14154.16
VNM,Vietnam,GMB,"Gambia, The",2012,Export,6600.873
VNM,Vietnam,CAN,Canada,2013,Export,1557811.51
VNM,Vietnam,GAB,Gabon,2014,Export,10398.502
VNM,Vietnam,GAB,Gabon,2012,Export,13502.58
VNM,Vietnam,ECU,Ecuador,2014,Export,104953.878
VNM,Vietnam,EGY,"Egypt, Arab Rep.",2012,Export,297652.169
VNM,Vietnam,EGY,"Egypt, Arab Rep.",2013,Export,220021.631
VNM,Vietnam,EGY,"Egypt, Arab Rep.",2014,Export,380023.254
VNM,Vietnam,ESP,Spain,2012,Export,1793606.85
VNM,Vietnam,ESP,Spain,2013,Export,2109579.798
VNM,Vietnam,ESP,Spain,2014,Export,2563347.797
VNM,Vietnam,EST,Estonia,2012,Export,11538.125
VNM,Vietnam,EST,Estonia,2013,Export,11210.329
VNM,Vietnam,EST,Estonia,2014,Export,19693.876
VNM,Vietnam,GAB,Gabon,2013,Export,19104.144
VNM,Vietnam,ETH,Ethiopia(excludes Eritrea),2012,Export,22466.208
VNM,Vietnam,ETH,Ethiopia(excludes Eritrea),2014,Export,10961.335
VNM,Vietnam,FIN,Finland,2012,Export,99719.568
VNM,Vietnam,FIN,Finland,2013,Export,80740.434
VNM,Vietnam,FIN,Finland,2014,Export,104483.949
VNM,Vietnam,FJI,Fiji,2012,Export,18144.402
VNM,Vietnam,FJI,Fiji,2013,Export,15836.859
VNM,Vietnam,FJI,Fiji,2014,Export,13990.13
VNM,Vietnam,FRA,France,2012,Export,2163399.349
VNM,Vietnam,FRA,France,2013,Export,2202728.586
VNM,Vietnam,FRA,France,2014,Export,2477754.806
VNM,Vietnam,ETH,Ethiopia(excludes Eritrea),2013,Export,25120.93
VNM,Vietnam,BGR,Bulgaria,2002,Export,7892.53
VNM,Vietnam,CAN,Canada,2012,Export,1156512.055
VNM,Vietnam,BRN,Brunei,2014,Export,49626.051
VNM,Vietnam,NRU,Nauru,2000,Export,91
VNM,Vietnam,NPL,Nepal,2002,Export,771.05
VNM,Vietnam,NPL,Nepal,2001,Export,300.14
VNM,Vietnam,NPL,Nepal,2000,Export,2403
VNM,Vietnam,NOR,Norway,2002,Export,16755.961
VNM,Vietnam,NOR,Norway,2001,Export,15390.694
VNM,Vietnam,NOR,Norway,2000,Export,16606
VNM,Vietnam,NLD,Netherlands,2002,Export,404251.621
VNM,Vietnam,NLD,Netherlands,2001,Export,364542.388
VNM,Vietnam,NLD,Netherlands,2000,Export,390983
VNM,Vietnam,NIU,Niue,2002,Export,59.384
VNM,Vietnam,NIU,Niue,2001,Export,3.54
VNM,Vietnam,NIU,Niue,2000,Export,44
VNM,Vietnam,NIC,Nicaragua,2002,Export,77.005
VNM,Vietnam,NIC,Nicaragua,2001,Export,386.419
VNM,Vietnam,NIC,Nicaragua,2000,Export,572
VNM,Vietnam,NGA,Nigeria,2002,Export,9408.036
VNM,Vietnam,NGA,Nigeria,2001,Export,8113.949
VNM,Vietnam,NGA,Nigeria,2000,Export,4915
VNM,Vietnam,NFK,Norfolk Island,2002,Export,136.475
VNM,Vietnam,NFK,Norfolk Island,2001,Export,2.25
VNM,Vietnam,NRU,Nauru,2001,Export,314.496
VNM,Vietnam,NRU,Nauru,2002,Export,345.388
VNM,Vietnam,NZL,New Zealand,2000,Export,18186
VNM,Vietnam,NZL,New Zealand,2001,Export,18492.127
VNM,Vietnam,PHL,Philippines,2002,Export,315220.575
VNM,Vietnam,PHL,Philippines,2001,Export,368389.818
VNM,Vietnam,PHL,Philippines,2000,Export,478351
VNM,Vietnam,PER,Peru,2002,Export,1242.716
VNM,Vietnam,PER,Peru,2001,Export,1671.532
VNM,Vietnam,PER,Peru,2000,Export,767
VNM,Vietnam,PCN,Pitcairn,2002,Export,9.67
VNM,Vietnam,PCN,Pitcairn,2001,Export,34.97
VNM,Vietnam,PCN,Pitcairn,2000,Export,106
VNM,Vietnam,PAN,Panama,2002,Export,13336.834
VNM,Vietnam,NER,Niger,2002,Export,785.222
VNM,Vietnam,PAN,Panama,2001,Export,14802.306
VNM,Vietnam,PAK,Pakistan,2002,Export,21512.895
VNM,Vietnam,PAK,Pakistan,2001,Export,8894.142
VNM,Vietnam,PAK,Pakistan,2000,Export,10004
VNM,Vietnam,OMN,Oman,2002,Export,679.572
VNM,Vietnam,OMN,Oman,2001,Export,1135.272
VNM,Vietnam,OMN,Oman,2000,Export,423
VNM,Vietnam,OAS,"Other Asia, nes",2002,Export,817688.808
VNM,Vietnam,OAS,"Other Asia, nes",2001,Export,805997.041
VNM,Vietnam,OAS,"Other Asia, nes",2000,Export,756627
VNM,Vietnam,NZL,New Zealand,2002,Export,21186.277
VNM,Vietnam,PAN,Panama,2000,Export,13733
VNM,Vietnam,NER,Niger,2001,Export,434.047
VNM,Vietnam,NER,Niger,2000,Export,1864
VNM,Vietnam,NCL,New Caledonia,2002,Export,353.558
VNM,Vietnam,BFA,Burkina Faso,2013,Export,5061.216
VNM,Vietnam,BFA,Burkina Faso,2014,Export,10022.761
VNM,Vietnam,BGD,Bangladesh,2012,Export,352965.42
VNM,Vietnam,BGD,Bangladesh,2013,Export,485719.26
VNM,Vietnam,BGD,Bangladesh,2014,Export,709898.311
VNM,Vietnam,BGR,Bulgaria,2012,Export,37016.285
VNM,Vietnam,BGR,Bulgaria,2013,Export,41208.508
VNM,Vietnam,BGR,Bulgaria,2014,Export,47704.749
VNM,Vietnam,BHR,Bahrain,2012,Export,6009.673
VNM,Vietnam,BHR,Bahrain,2013,Export,7000.296
VNM,Vietnam,BFA,Burkina Faso,2012,Export,978.643
VNM,Vietnam,BHR,Bahrain,2014,Export,13889.073
VNM,Vietnam,BHS,"Bahamas, The",2014,Export,32281.64
VNM,Vietnam,BLR,Belarus,2012,Export,7293.168
VNM,Vietnam,BLR,Belarus,2013,Export,13787.931
VNM,Vietnam,BLR,Belarus,2014,Export,13981.666
VNM,Vietnam,BLZ,Belize,2012,Export,63742.957
VNM,Vietnam,BRA,Brazil,2012,Export,718109.745
VNM,Vietnam,BRA,Brazil,2013,Export,1104837.932
VNM,Vietnam,BRA,Brazil,2014,Export,1480744.217
VNM,Vietnam,BRN,Brunei,2012,Export,16870.87
VNM,Vietnam,BRN,Brunei,2013,Export,17480.933
VNM,Vietnam,BHS,"Bahamas, The",2012,Export,2583.698
VNM,Vietnam,BWA,Botswana,2014,Export,447.589
VNM,Vietnam,BEN,Benin,2014,Export,27532.806
VNM,Vietnam,BEN,Benin,2012,Export,9608.927
VNM,Vietnam,NCL,New Caledonia,2001,Export,401.513
VNM,Vietnam,NCL,New Caledonia,2000,Export,578
VNM,Vietnam,NAM,Namibia,2002,Export,16.585
VNM,Vietnam,NAM,Namibia,2001,Export,12.46
VNM,Vietnam,ARG,Argentina,2013,Export,191731.598
VNM,Vietnam,ARG,Argentina,2014,Export,174000.021
VNM,Vietnam,ARM,Armenia,2012,Export,10134.129
VNM,Vietnam,ARM,Armenia,2013,Export,73.2
VNM,Vietnam,ARM,Armenia,2014,Export,21492.8
VNM,Vietnam,AUS,Australia,2012,Export,3208732.853
VNM,Vietnam,BEN,Benin,2013,Export,22487.829
VNM,Vietnam,AUS,Australia,2013,Export,3488123.369
VNM,Vietnam,AUT,Austria,2012,Export,1065231.61
VNM,Vietnam,AUT,Austria,2013,Export,1905046.785
VNM,Vietnam,AUT,Austria,2014,Export,2158772.724
VNM,Vietnam,AZE,Azerbaijan,2012,Export,24187.264
VNM,Vietnam,AZE,Azerbaijan,2013,Export,56884.282
VNM,Vietnam,AZE,Azerbaijan,2014,Export,73590.21
VNM,Vietnam,BDI,Burundi,2014,Export,17524.694
VNM,Vietnam,BEL,Belgium,2012,Export,1146718.655
VNM,Vietnam,BEL,Belgium,2013,Export,1323340.023
VNM,Vietnam,BEL,Belgium,2014,Export,1805539.095
VNM,Vietnam,AUS,Australia,2014,Export,3988213.779
VNM,Vietnam,PLW,Palau,2000,Export,236
VNM,Vietnam,BHR,Bahrain,2000,Export,177
VNM,Vietnam,BHR,Bahrain,2002,Export,171.05
VNM,Vietnam,MRT,Mauritania,2013,Export,5476.764
VNM,Vietnam,MRT,Mauritania,2014,Export,6841.672
VNM,Vietnam,MUS,Mauritius,2012,Export,12634.434
VNM,Vietnam,MUS,Mauritius,2013,Export,72750.205
VNM,Vietnam,MUS,Mauritius,2014,Export,67463.067
VNM,Vietnam,MYS,Malaysia,2012,Export,4500284.114
VNM,Vietnam,MYS,Malaysia,2013,Export,4984467.878
VNM,Vietnam,MYS,Malaysia,2014,Export,3926398.319
VNM,Vietnam,NAM,Namibia,2013,Export,782.233
VNM,Vietnam,NAM,Namibia,2014,Export,1608.261
VNM,Vietnam,NCL,New Caledonia,2012,Export,8924.784
VNM,Vietnam,NCL,New Caledonia,2013,Export,8011.289
VNM,Vietnam,NCL,New Caledonia,2014,Export,4981.111
VNM,Vietnam,NGA,Nigeria,2012,Export,112683.62
VNM,Vietnam,NGA,Nigeria,2013,Export,147878.312
VNM,Vietnam,NGA,Nigeria,2014,Export,182849.536
VNM,Vietnam,NIC,Nicaragua,2012,Export,8029.848
VNM,Vietnam,NLD,Netherlands,2012,Export,2476218.372
VNM,Vietnam,NLD,Netherlands,2013,Export,2936240.559
VNM,Vietnam,NLD,Netherlands,2014,Export,3762224.849
VNM,Vietnam,NOR,Norway,2012,Export,125774.324
VNM,Vietnam,MRT,Mauritania,2012,Export,10367.333
VNM,Vietnam,MOZ,Mozambique,2014,Export,78547.993
VNM,Vietnam,MOZ,Mozambique,2013,Export,91008.997
VNM,Vietnam,MOZ,Mozambique,2012,Export,85730.728
VNM,Vietnam,MDG,Madagascar,2013,Export,33991.196
VNM,Vietnam,MDG,Madagascar,2014,Export,9059.007
VNM,Vietnam,MDV,Maldives,2014,Export,2.481
VNM,Vietnam,MEX,Mexico,2012,Export,682770.407
VNM,Vietnam,MEX,Mexico,2013,Export,891974.14
VNM,Vietnam,MEX,Mexico,2014,Export,1035857.987
VNM,Vietnam,MHL,Marshall Islands,2012,Export,3069.208
VNM,Vietnam,MHL,Marshall Islands,2013,Export,13875.943
VNM,Vietnam,MHL,Marshall Islands,2014,Export,38481.951
VNM,Vietnam,MLI,Mali,2012,Export,8844.638
VNM,Vietnam,NOR,Norway,2013,Export,109133.894
VNM,Vietnam,MLI,Mali,2013,Export,14213.317
VNM,Vietnam,MLT,Malta,2012,Export,19846.349
VNM,Vietnam,MLT,Malta,2013,Export,8457.904
VNM,Vietnam,MLT,Malta,2014,Export,9599.465
VNM,Vietnam,MMR,Myanmar,2012,Export,117812.721
VNM,Vietnam,MMR,Myanmar,2013,Export,229746.918
VNM,Vietnam,MMR,Myanmar,2014,Export,344982.811
VNM,Vietnam,MNG,Mongolia,2012,Export,15633.627
VNM,Vietnam,MNG,Mongolia,2013,Export,18333.267
VNM,Vietnam,MNG,Mongolia,2014,Export,17500.778
VNM,Vietnam,MNP,Northern Mariana Islands,2014,Export,4.605
VNM,Vietnam,MLI,Mali,2014,Export,7246.591
VNM,Vietnam,NOR,Norway,2014,Export,117243.307
VNM,Vietnam,NPL,Nepal,2012,Export,9170.957
VNM,Vietnam,NPL,Nepal,2013,Export,23416.325
VNM,Vietnam,BRN,Brunei,2002,Export,1379.232
VNM,Vietnam,BTN,Bhutan,2000,Export,59
VNM,Vietnam,BTN,Bhutan,2002,Export,63.941
VNM,Vietnam,BVT,Bouvet Island,2002,Export,73.497
VNM,Vietnam,BWA,Botswana,2000,Export,4
VNM,Vietnam,BWA,Botswana,2001,Export,5.9
VNM,Vietnam,BWA,Botswana,2002,Export,55.395
VNM,Vietnam,CAF,Central African Republic,2000,Export,395
VNM,Vietnam,CAF,Central African Republic,2001,Export,197.097
VNM,Vietnam,PNG,Papua New Guinea,2001,Export,3370.845
VNM,Vietnam,BRN,Brunei,2001,Export,1480.931
VNM,Vietnam,PNG,Papua New Guinea,2002,Export,395.04
VNM,Vietnam,POL,Poland,2001,Export,79465.959
VNM,Vietnam,POL,Poland,2002,Export,67892.739
VNM,Vietnam,PRK,"Korea, Dem. Rep.",2000,Export,1477
VNM,Vietnam,PRK,"Korea, Dem. Rep.",2001,Export,4920.032
VNM,Vietnam,PRK,"Korea, Dem. Rep.",2002,Export,3853.059
VNM,Vietnam,PRT,Portugal,2000,Export,8893
VNM,Vietnam,PRT,Portugal,2001,Export,6208.154
VNM,Vietnam,PRT,Portugal,2002,Export,5571.201
VNM,Vietnam,PRY,Paraguay,2000,Export,649
VNM,Vietnam,PRY,Paraguay,2001,Export,832.609
VNM,Vietnam,POL,Poland,2000,Export,61504
VNM,Vietnam,MAR,Morocco,2014,Export,147206.865
VNM,Vietnam,BRN,Brunei,2000,Export,2062
VNM,Vietnam,BRB,Barbados,2001,Export,162.651
VNM,Vietnam,NPL,Nepal,2014,Export,27703.525
VNM,Vietnam,NRU,Nauru,2013,Export,0.744
VNM,Vietnam,NRU,Nauru,2014,Export,28.681
VNM,Vietnam,NZL,New Zealand,2012,Export,183981.092
VNM,Vietnam,NZL,New Zealand,2013,Export,273899.146
VNM,Vietnam,NZL,New Zealand,2014,Export,315858.24
VNM,Vietnam,OAS,"Other Asia, nes",2012,Export,2081512.511
VNM,Vietnam,BIH,Bosnia and Herzegovina,2002,Export,154.251
VNM,Vietnam,BLR,Belarus,2000,Export,1640
VNM,Vietnam,BLR,Belarus,2001,Export,2735.819
VNM,Vietnam,BRB,Barbados,2002,Export,388.367
VNM,Vietnam,BLR,Belarus,2002,Export,1073.177
VNM,Vietnam,BLZ,Belize,2001,Export,222.777
VNM,Vietnam,BLZ,Belize,2002,Export,172.995
VNM,Vietnam,BMU,Bermuda,2001,Export,159.022
VNM,Vietnam,BMU,Bermuda,2002,Export,0.703
VNM,Vietnam,BOL,Bolivia,2000,Export,452
VNM,Vietnam,BOL,Bolivia,2001,Export,221.288
VNM,Vietnam,BOL,Bolivia,2002,Export,150.442
VNM,Vietnam,BRA,Brazil,2000,Export,13910
VNM,Vietnam,BRA,Brazil,2001,Export,15097.96
VNM,Vietnam,BRA,Brazil,2002,Export,12165.187
VNM,Vietnam,BLZ,Belize,2000,Export,376
VNM,Vietnam,BHR,Bahrain,2001,Export,368.295
VNM,Vietnam,MAR,Morocco,2013,Export,100962.618
VNM,Vietnam,MAC,Macao,2014,Export,104.75
VNM,Vietnam,HUN,Hungary,2012,Export,57576.917
VNM,Vietnam,HUN,Hungary,2013,Export,60060.582
VNM,Vietnam,HUN,Hungary,2014,Export,54998.058
VNM,Vietnam,IDN,Indonesia,2012,Export,2357706.297
VNM,Vietnam,IDN,Indonesia,2013,Export,2502204.302
VNM,Vietnam,IDN,Indonesia,2014,Export,2890397.31
VNM,Vietnam,IND,India,2012,Export,1782177.796
VNM,Vietnam,IND,India,2013,Export,2354695.378
VNM,Vietnam,IND,India,2014,Export,2510734.109
VNM,Vietnam,IRL,Ireland,2012,Export,80975.785
VNM,Vietnam,IRL,Ireland,2013,Export,73766.157
VNM,Vietnam,IRL,Ireland,2014,Export,102150.207
VNM,Vietnam,IRN,"Iran, Islamic Rep.",2013,Export,330.485
VNM,Vietnam,IRN,"Iran, Islamic Rep.",2014,Export,440.239
VNM,Vietnam,ISR,Israel,2012,Export,279274.269
VNM,Vietnam,ISR,Israel,2013,Export,404513.767
VNM,Vietnam,ISR,Israel,2014,Export,495824.449
VNM,Vietnam,ITA,Italy,2012,Export,1876555.639
VNM,Vietnam,ITA,Italy,2013,Export,2290696.844
VNM,Vietnam,ITA,Italy,2014,Export,2740093.506
VNM,Vietnam,JAM,Jamaica,2013,Export,5664.344
VNM,Vietnam,HTI,Haiti,2014,Export,18554.963
VNM,Vietnam,HTI,Haiti,2013,Export,43215.769
VNM,Vietnam,HTI,Haiti,2012,Export,11984.571
VNM,Vietnam,HRV,Croatia,2014,Export,25361.444
VNM,Vietnam,BHS,"Bahamas, The",2000,Export,184
VNM,Vietnam,BHS,"Bahamas, The",2001,Export,368.026
VNM,Vietnam,BHS,"Bahamas, The",2002,Export,195.209
VNM,Vietnam,BIH,Bosnia and Herzegovina,2000,Export,54
VNM,Vietnam,BIH,Bosnia and Herzegovina,2001,Export,151.288
VNM,Vietnam,GNB,Guinea-Bissau,2014,Export,1934.125
VNM,Vietnam,GRC,Greece,2012,Export,150576.368
VNM,Vietnam,GRC,Greece,2013,Export,186360.81
VNM,Vietnam,GRC,Greece,2014,Export,185112.542
VNM,Vietnam,GTM,Guatemala,2012,Export,22401.354
VNM,Vietnam,JAM,Jamaica,2014,Export,6837.321
VNM,Vietnam,GTM,Guatemala,2013,Export,25086.833
VNM,Vietnam,GUM,Guam,2013,Export,0.205
VNM,Vietnam,GUM,Guam,2014,Export,2.295
VNM,Vietnam,HKG,"Hong Kong, China",2012,Export,3705368.841
VNM,Vietnam,HKG,"Hong Kong, China",2013,Export,4113496.891
VNM,Vietnam,HKG,"Hong Kong, China",2014,Export,5264730.98
VNM,Vietnam,HND,Honduras,2012,Export,5440.714
VNM,Vietnam,HND,Honduras,2013,Export,6044.371
VNM,Vietnam,HND,Honduras,2014,Export,31394.707
VNM,Vietnam,HRV,Croatia,2012,Export,15532.024
VNM,Vietnam,HRV,Croatia,2013,Export,14835.86
VNM,Vietnam,GTM,Guatemala,2014,Export,24530.307
VNM,Vietnam,JOR,Jordan,2012,Export,42191.381
VNM,Vietnam,JOR,Jordan,2013,Export,48202.984
VNM,Vietnam,JOR,Jordan,2014,Export,81463.159
VNM,Vietnam,LBR,Liberia,2012,Export,17678.442
VNM,Vietnam,LBR,Liberia,2013,Export,11676.308
VNM,Vietnam,LBR,Liberia,2014,Export,38592.696
VNM,Vietnam,LBY,Libya,2012,Export,27202.662
VNM,Vietnam,LBY,Libya,2013,Export,29693.295
VNM,Vietnam,LBY,Libya,2014,Export,30024.671
VNM,Vietnam,LKA,Sri Lanka,2012,Export,95273.738
VNM,Vietnam,LKA,Sri Lanka,2013,Export,130350.967
VNM,Vietnam,LKA,Sri Lanka,2014,Export,166694.67
VNM,Vietnam,LSO,Lesotho,2012,Export,15744.395
VNM,Vietnam,LBN,Lebanon,2014,Export,69592.547
VNM,Vietnam,LSO,Lesotho,2013,Export,17465.825
VNM,Vietnam,LTU,Lithuania,2012,Export,36880.978
VNM,Vietnam,LTU,Lithuania,2013,Export,43057.196
VNM,Vietnam,LTU,Lithuania,2014,Export,51429.066
VNM,Vietnam,LUX,Luxembourg,2012,Export,29073.657
VNM,Vietnam,LUX,Luxembourg,2013,Export,43033.098
VNM,Vietnam,LUX,Luxembourg,2014,Export,31517.157
VNM,Vietnam,LVA,Latvia,2012,Export,72513.943
VNM,Vietnam,LVA,Latvia,2013,Export,102283.249
VNM,Vietnam,LVA,Latvia,2014,Export,136963.661
VNM,Vietnam,MAC,Macao,2012,Export,3375.316
VNM,Vietnam,LSO,Lesotho,2014,Export,11707.69
VNM,Vietnam,MAR,Morocco,2012,Export,82033.262
VNM,Vietnam,LBN,Lebanon,2013,Export,53569.079
VNM,Vietnam,LAO,Lao PDR,2014,Export,484030.928
VNM,Vietnam,JPN,Japan,2012,Export,13064523.5
VNM,Vietnam,JPN,Japan,2013,Export,13544244.95
VNM,Vietnam,JPN,Japan,2014,Export,14674922.64
VNM,Vietnam,KAZ,Kazakhstan,2012,Export,72169.053
VNM,Vietnam,KAZ,Kazakhstan,2013,Export,154308.662
VNM,Vietnam,KAZ,Kazakhstan,2014,Export,219050.226
VNM,Vietnam,KEN,Kenya,2012,Export,64010.811
VNM,Vietnam,KEN,Kenya,2013,Export,50616.707
VNM,Vietnam,KEN,Kenya,2014,Export,39029.307
VNM,Vietnam,KGZ,Kyrgyz Republic,2013,Export,6.605
VNM,Vietnam,LBN,Lebanon,2012,Export,53892.824
VNM,Vietnam,KHM,Cambodia,2012,Export,2929946.418
VNM,Vietnam,KHM,Cambodia,2014,Export,2685436.831
VNM,Vietnam,KIR,Kiribati,2014,Export,3103.488
VNM,Vietnam,KOR,"Korea, Rep.",2012,Export,5580892.981
VNM,Vietnam,KOR,"Korea, Rep.",2013,Export,6682944.914
VNM,Vietnam,KOR,"Korea, Rep.",2014,Export,7167478.728
VNM,Vietnam,KWT,Kuwait,2012,Export,29201.876
VNM,Vietnam,KWT,Kuwait,2013,Export,35281.209
VNM,Vietnam,KWT,Kuwait,2014,Export,72182.567
VNM,Vietnam,LAO,Lao PDR,2012,Export,432583.949
VNM,Vietnam,LAO,Lao PDR,2013,Export,423186.684
VNM,Vietnam,KHM,Cambodia,2013,Export,2933996.771
VNM,Vietnam,PLW,Palau,2001,Export,225.567
